{
  "state": {
    "Assam": 0,
    "Chattisgarh": 1,
    "Gujarat": 2,
    "Haryana": 3,
    "Himachal Pradesh": 4,
    "Jharkhand": 5,
    "Karnataka": 6,
    "Kerala": 7,
    "Madhya Pradesh": 8,
    "Maharashtra": 9,
    "Meghalaya": 10,
    "NCT of Delhi": 11,
    "Orissa": 12,
    "Pondicherry": 13,
    "Punjab": 14,
    "Rajasthan": 15,
    "Tamil Nadu": 16,
    "Telangana": 17,
    "Tripura": 18,
    "Uttar Pradesh": 19,
    "Uttrakhand": 20,
    "West Bengal": 21
  },
  "district": {
    "Barpeta": 36,
    "Dhemaji": 90,
    "Kamrup": 163,
    "Nagaon": 232,
    "Nalbari": 234,
    "Sonitpur": 309,
    "Bastar": 37,
    "Bilaspur": 53,
    "Durg": 95,
    "Janjgir": 154,
    "Mahasamund": 201,
    "North Bastar": 244,
    "Rajnandgaon": 270,
    "Surguja": 314,
    "Ahmedabad": 2,
    "Amreli": 12,
    "Anand": 14,
    "Banaskanth": 25,
    "Bharuch": 45,
    "Bhavnagar": 47,
    "Dahod": 76,
    "Gandhinagar": 114,
    "Jamnagar": 153,
    "Junagarh": 160,
    "Kheda": 177,
    "Mehsana": 220,
    "Morbi": 224,
    "Panchmahals": 253,
    "Patan": 256,
    "Porbandar": 261,
    "Rajkot": 269,
    "Sabarkantha": 279,
    "Surat": 312,
    "Surendranagar": 313,
    "Vadodara(Baroda)": 333,
    "Valsad": 334,
    "Ambala": 10,
    "Bhiwani": 48,
    "Faridabad": 103,
    "Fatehabad": 106,
    "Jind": 158,
    "Kaithal": 162,
    "Karnal": 171,
    "Kurukshetra": 191,
    "Mahendragarh-Narnaul": 203,
    "Panchkula": 252,
    "Rohtak": 277,
    "Sirsa": 302,
    "Sonipat": 308,
    "Yamuna Nagar": 345,
    "Chamba": 62,
    "Hamirpur": 129,
    "Kangra": 165,
    "Kullu": 190,
    "Mandi": 209,
    "Shimla": 293,
    "Sirmore": 300,
    "Solan": 305,
    "Una": 330,
    "Bokaro": 55,
    "Dhanbad": 86,
    "East Singhbhum": 97,
    "Garhwa": 117,
    "Giridih": 122,
    "Godda": 123,
    "Gumla": 127,
    "Koderma": 180,
    "Lohardaga": 195,
    "Pakur": 249,
    "Ranchi": 273,
    "Simdega": 299,
    "Bagalkot": 20,
    "Bangalore": 27,
    "Belgaum": 40,
    "Bellary": 41,
    "Bidar": 49,
    "Bijapur": 50,
    "Chamrajnagar": 64,
    "Chikmagalur": 67,
    "Chitradurga": 68,
    "Davangere": 80,
    "Dharwad": 89,
    "Gadag": 112,
    "Gulbarga": 126,
    "Hassan": 134,
    "Haveri": 136,
    "Karwar(Uttar Kannad)": 172,
    "Kolar": 181,
    "Koppal": 185,
    "Madikeri(Kodagu)": 198,
    "Mandya": 211,
    "Mangalore(Dakshin Kannad)": 212,
    "Mysore": 230,
    "Raichur": 266,
    "Shimoga": 294,
    "Tumkur": 325,
    "Udupi": 328,
    "Alappuzha": 6,
    "Ernakulam": 98,
    "Idukki": 143,
    "Kannur": 167,
    "Kasargod": 173,
    "Kollam": 184,
    "Kottayam": 187,
    "Kozhikode(Calicut)": 188,
    "Malappuram": 206,
    "Palakad": 250,
    "Pathanamthitta": 257,
    "Thiruvananthapuram": 321,
    "Burhanpur": 61,
    "Chhindwara": 66,
    "Dewas": 85,
    "Dhar": 87,
    "Dindori": 94,
    "Harda": 131,
    "Hoshangabad": 139,
    "Indore": 144,
    "Khargone": 176,
    "Mandsaur": 210,
    "Neemuch": 242,
    "Panna": 254,
    "Rajgarh": 268,
    "Ratlam": 275,
    "Sagar": 280,
    "Satna": 288,
    "Sehore": 289,
    "Shajapur": 291,
    "Sheopur": 292,
    "Ujjain": 329,
    "Vidisha": 337,
    "Ahmednagar": 3,
    "Akola": 5,
    "Amarawati": 9,
    "Aurangabad": 17,
    "Beed": 39,
    "Bhandara": 43,
    "Buldhana": 59,
    "Chandrapur": 65,
    "Dhule": 92,
    "Gadchiroli": 113,
    "Hingoli": 137,
    "Jalana": 147,
    "Jalgaon": 150,
    "Kolhapur": 182,
    "Latur": 194,
    "Mumbai": 226,
    "Nagpur": 233,
    "Nanded": 237,
    "Nashik": 239,
    "Osmanabad": 247,
    "Parbhani": 255,
    "Pune": 263,
    "Raigad": 267,
    "Ratnagiri": 276,
    "Sangli": 284,
    "Satara": 287,
    "Sholapur": 295,
    "Thane": 317,
    "Wardha": 341,
    "Yavatmal": 346,
    "East Khasi Hills": 96,
    "West Garo Hills": 343,
    "West Jaintia Hills": 344,
    "Delhi": 82,
    "Bargarh": 33,
    "Bhadrak": 42,
    "Bolangir": 56,
    "Boudh": 57,
    "Cuttack": 75,
    "Deogarh": 83,
    "Dhenkanal": 91,
    "Ganjam": 116,
    "Jajpur": 146,
    "Kendrapara": 174,
    "Malkangiri": 208,
    "Mayurbhanja": 215,
    "Nayagarh": 241,
    "Nowarangpur": 245,
    "Nuapada": 246,
    "Sambalpur": 283,
    "Sonepur": 307,
    "Sundergarh": 311,
    "Karaikal": 169,
    "Amritsar": 13,
    "Barnala": 35,
    "Bhatinda": 46,
    "Faridkot": 104,
    "Fatehgarh": 107,
    "Fazilka": 109,
    "Ferozpur": 110,
    "Gurdaspur": 128,
    "Hoshiarpur": 140,
    "Jalandhar": 148,
    "kapurthala": 347,
    "Ludhiana": 197,
    "Moga": 222,
    "Mohali": 223,
    "Muktsar": 225,
    "Nawanshahr": 240,
    "Pathankot": 258,
    "Patiala": 259,
    "Ropar (Rupnagar)": 278,
    "Sangrur": 285,
    "Tarntaran": 316,
    "Ajmer": 4,
    "Banswara": 29,
    "Baran": 31,
    "Barmer": 34,
    "Bharatpur": 44,
    "Bikaner": 52,
    "Chittorgarh": 70,
    "Churu": 71,
    "Dausa": 79,
    "Ganganagar": 115,
    "Hanumangarh": 130,
    "Jaipur": 145,
    "Jalore": 151,
    "Jhalawar": 156,
    "Jodhpur": 159,
    "Kota": 186,
    "Pali": 251,
    "Sikar": 298,
    "Sirohi": 301,
    "Swai Madhopur": 315,
    "Tonk": 324,
    "Udaipur": 326,
    "Ariyalur": 15,
    "Coimbatore": 72,
    "Cuddalore": 74,
    "Dharmapuri": 88,
    "Dindigul": 93,
    "Erode": 99,
    "Kancheepuram": 164,
    "Krishnagiri": 189,
    "Madurai": 199,
    "Namakkal": 236,
    "Ramanathapuram": 271,
    "Salem": 282,
    "Sivaganga": 304,
    "Thanjavur": 318,
    "Theni": 319,
    "Thirunelveli": 320,
    "Thiruvannamalai": 322,
    "Thiruvarur": 323,
    "Vellore": 336,
    "Villupuram": 338,
    "Virudhunagar": 339,
    "Adilabad": 0,
    "Hyderabad": 142,
    "Karimnagar": 170,
    "Khammam": 175,
    "Mahbubnagar": 202,
    "Medak": 216,
    "Nalgonda": 235,
    "Nizamabad": 243,
    "Ranga Reddy Dist.": 274,
    "Warangal": 340,
    "Khowai": 179,
    "West District": 342,
    "Agra": 1,
    "Aligarh": 7,
    "Allahabad": 8,
    "Ambedkarnagar": 11,
    "Auraiya": 16,
    "Azamgarh": 18,
    "Badaun": 19,
    "Baghpat": 21,
    "Bahraich": 22,
    "Ballia": 23,
    "Balrampur": 24,
    "Banda": 26,
    "Barabanki": 30,
    "Bareilly": 32,
    "Basti": 38,
    "Bijnor": 51,
    "Bulandshahar": 58,
    "Chitrakut": 69,
    "Deoria": 84,
    "Etah": 100,
    "Etawah": 101,
    "Faizabad": 102,
    "Farukhabad": 105,
    "Fatehpur": 108,
    "Firozabad": 111,
    "Gautam Budh Nagar": 119,
    "Ghaziabad": 120,
    "Ghazipur": 121,
    "Gonda": 124,
    "Gorakhpur": 125,
    "Hardoi": 132,
    "Hathras": 135,
    "Jalaun (Orai)": 149,
    "Jaunpur": 155,
    "Jhansi": 157,
    "Jyotiba Phule Nagar": 161,
    "Kannuj": 166,
    "Kanpur": 168,
    "Khiri (Lakhimpur)": 178,
    "Lakhimpur": 192,
    "Lalitpur": 193,
    "Lucknow": 196,
    "Maharajganj": 200,
    "Mahoba": 204,
    "Mainpuri": 205,
    "Mathura": 213,
    "Mau(Maunathbhanjan)": 214,
    "Meerut": 219,
    "Mirzapur": 221,
    "Muradabad": 227,
    "Muzaffarnagar": 229,
    "Padrauna(Kusinagar)": 248,
    "Pillibhit": 260,
    "Pratapgarh": 262,
    "Raebarelli": 265,
    "Rampur": 272,
    "Saharanpur": 281,
    "Sant Kabir Nagar": 286,
    "Shahjahanpur": 290,
    "Shravasti": 296,
    "Siddharth Nagar": 297,
    "Sitapur": 303,
    "Sonbhadra": 306,
    "Sultanpur": 310,
    "Unnao": 331,
    "Varanasi": 335,
    "Champawat": 63,
    "Dehradoon": 81,
    "Garhwal (Pauri)": 118,
    "Haridwar": 133,
    "Nanital": 238,
    "UdhamSinghNagar": 327,
    "Bankura": 28,
    "Birbhum": 54,
    "Burdwan": 60,
    "Coochbehar": 73,
    "Dakshin Dinajpur": 77,
    "Darjeeling": 78,
    "Hooghly": 138,
    "Howrah": 141,
    "Jalpaiguri": 152,
    "Kolkata": 183,
    "Malda": 207,
    "Medinipur(E)": 217,
    "Medinipur(W)": 218,
    "Murshidabad": 228,
    "Nadia": 231,
    "Puruliya": 264,
    "Uttar Dinajpur": 332
  },
  "market": {
    "Bohorihat": 161,
    "Silapathar": 852,
    "P.O. Uparhali Guwahati": 679,
    "Dhing": 265,
    "Nalbari": 643,
    "Dhekiajuli": 264,
    "Charama": 190,
    "Takhatpur": 882,
    "Tiphra": 916,
    "Durg": 281,
    "Akaltara": 15,
    "Amadula": 26,
    "Champa": 182,
    "Chandrapur": 185,
    "Kotmi": 517,
    "Naila": 639,
    "Shakti": 837,
    "Komakhan": 505,
    "Lakhanpuri": 535,
    "Narharpur": 651,
    "Rajnandgaon": 764,
    "Ambikapur": 31,
    "Ahmedabad": 9,
    "Ahmedabad(Rajnagar sub yard)": 10,
    "Dhandhuka": 257,
    "Amreli": 34,
    "Bagasara": 74,
    "Rajula": 765,
    "Savarkundla": 820,
    "Anand(Veg,Yard,Anand)": 36,
    "Khambhat(Grain Market)": 478,
    "Tarapur": 891,
    "Deesa": 236,
    "Deesa(Bhildi)": 237,
    "Dhanera": 258,
    "Palanpur": 689,
    "Thara": 901,
    "Ankleshwar": 41,
    "Jambusar": 401,
    "Jambusar(Kaavi)": 402,
    "Bhavnagar": 134,
    "Mahuva(Station Road)": 560,
    "Dahod": 228,
    "Dahod(Veg. Market)": 229,
    "Davgadbaria(Piplod)": 235,
    "Devgadhbaria": 252,
    "Dehgam": 238,
    "Dehgam(Rekhiyal)": 239,
    "Mansa": 583,
    "Mansa(Manas Veg Yard)": 584,
    "Randheja(Chiloda)": 779,
    "Bhanvad": 131,
    "Dhrol": 267,
    "Junagadh": 420,
    "Mangrol": 578,
    "Talalagir": 883,
    "Visavadar": 969,
    "Balasinor": 83,
    "Mehmadabad": 598,
    "Nadiad": 631,
    "Nadiyad(Piplag)": 632,
    "Becharaji": 119,
    "Kadi": 424,
    "Kadi(Kadi cotton Yard)": 425,
    "Unava": 936,
    "Unjha": 937,
    "Vijapur": 963,
    "Vijapur(Gojjariya)": 964,
    "Vijapur(Kukarvada)": 965,
    "Vankaner": 949,
    "Gogamba": 324,
    "Gogamba(Similiya)": 325,
    "Sami": 804,
    "Siddhpur": 848,
    "Porbandar": 736,
    "Dhoraji": 266,
    "Jasdan": 406,
    "Rajkot": 762,
    "Rajkot(Ghee Peeth)": 763,
    "Himatnagar": 367,
    "Khedbrahma": 487,
    "Meghraj": 595,
    "Modasa": 608,
    "Modasa(Tintoi)": 609,
    "Talod": 884,
    "Mandvi": 574,
    "Nizar": 674,
    "S.Mandvi": 794,
    "Surat": 878,
    "Vyra": 976,
    "Chotila": 218,
    "Halvad": 351,
    "Vadhvan": 944,
    "Bodeli(Hadod)": 156,
    "Bodeli(Kalediya)": 157,
    "Bodeli(Modasar)": 158,
    "Chikli(Khorgam)": 204,
    "Mullana": 619,
    "Naraingarh": 648,
    "Shahzadpur": 834,
    "Jui": 418,
    "Loharu": 546,
    "Ballabhgarh": 84,
    "Faridabad": 290,
    "Fatehabad": 293,
    "Jullana": 419,
    "Dhand": 256,
    "Pundri": 745,
    "Asandh": 53,
    "Gharaunda": 316,
    "Nissing": 673,
    "Pehowa": 720,
    "Pipli": 731,
    "Shahabad": 829,
    "Mohindergarh": 611,
    "Narnaul": 652,
    "Barwala": 112,
    "New Grain Market , Panchkula": 668,
    "Panchkul(Kalka)": 697,
    "Meham": 596,
    "Sampla": 805,
    "Ding": 272,
    "kalanwali": 989,
    "Gohana": 326,
    "Chhachrauli": 200,
    "Jagadhri": 389,
    "Radaur": 756,
    "Bilaspur": 145,
    "Chamba": 180,
    "Hamirpur": 352,
    "Hamirpur(Nadaun)": 353,
    "Kangra": 448,
    "Bhuntar": 141,
    "Kullu": 526,
    "Mandi(Mandi)": 571,
    "Shimla": 844,
    "Nahan": 638,
    "Paonta Sahib": 701,
    "Solan": 865,
    "Santoshgarh": 812,
    "Una": 935,
    "Bokaro (Chas)": 162,
    "Dhanbad": 255,
    "Chakulia": 176,
    "Gadhwah": 303,
    "Giridih": 322,
    "Godda": 323,
    "Gumla": 342,
    "Koderma": 498,
    "Lohardaga": 545,
    "Pakur": 683,
    "Ranchi": 778,
    "Simdega": 855,
    "Bagalakot": 73,
    "Mhalingapur": 603,
    "Bangalore": 90,
    "Binny Mill (F&V), Bangalore": 150,
    "Channapatana": 189,
    "Kanakapura": 446,
    "Ramanagara": 767,
    "Kudchi": 524,
    "Bellary": 121,
    "Hoovinahadagali": 375,
    "Kottur": 520,
    "Basava Kalayana": 113,
    "Bidar": 142,
    "Bijapur": 143,
    "Sindagi(Hendi)": 856,
    "Chamaraj Nagar": 179,
    "Gundlupet": 343,
    "Chikkamagalore": 203,
    "Moodigere": 613,
    "Tarikere": 892,
    "Chitradurga": 209,
    "Holalkere": 371,
    "Davangere": 234,
    "Harihara": 362,
    "Honnali": 373,
    "Annigeri": 42,
    "Kalagategi": 428,
    "Gadag": 300,
    "Laxmeshwar": 543,
    "Mundaragi": 621,
    "Nargunda": 650,
    "Rona": 789,
    "Chittapur": 210,
    "Gulbarga": 341,
    "Yadgir": 982,
    "Arasikere": 46,
    "Holenarsipura": 372,
    "Byadagi": 174,
    "Hanagal": 354,
    "Haveri": 366,
    "Hirekerur": 370,
    "Haliyala": 350,
    "Honnavar": 374,
    "Kumta": 528,
    "Siddapur": 847,
    "Yellapur": 984,
    "Bangarpet": 92,
    "Chintamani": 208,
    "Gowribidanoor": 337,
    "Kolar": 500,
    "Malur": 570,
    "Srinivasapur": 870,
    "Gangavathi": 313,
    "Gonikappal": 331,
    "Somvarpet": 867,
    "K.R. Pet": 422,
    "Mandya": 575,
    "Srirangapattana": 871,
    "Belthangdi": 122,
    "Mangalore": 577,
    "Puttur": 752,
    "Sulya": 875,
    "Hunsur": 378,
    "Mysore (Bandipalya)": 627,
    "Nanjangud": 647,
    "Piriya Pattana": 732,
    "Santhesargur": 811,
    "Manvi": 586,
    "Bhadravathi": 127,
    "Hosanagar": 376,
    "Shikaripura": 841,
    "Shimoga": 845,
    "Sorabha": 868,
    "Madhugiri": 554,
    "Tumkur": 923,
    "Turvekere": 926,
    "Kundapura": 529,
    "Udupi": 930,
    "Aroor": 50,
    "Chengannur": 195,
    "Cherthala": 197,
    "Harippad": 364,
    "Kayamkulam": 470,
    "Mannar": 581,
    "Aluva": 25,
    "Angamaly": 40,
    "Kothamangalam": 516,
    "Perumbavoor": 723,
    "Thrippunithura": 913,
    "Thodupuzha": 910,
    "Kannur": 451,
    "Neeleswaram": 663,
    "Anchal": 39,
    "Chathanoor": 193,
    "Kottarakkara": 519,
    "Punalur": 743,
    "Athirampuzha": 56,
    "Ettumanoor": 287,
    "Kanjirappally": 449,
    "Kuruppanthura": 531,
    "Pala": 684,
    "Thalayolaparambu": 898,
    "Kallachi": 433,
    "Mukkom": 617,
    "Palayam": 690,
    "Perambra": 722,
    "Quilandy": 754,
    "Kottakkal": 518,
    "Manjeri": 579,
    "Parappanangadi": 705,
    "Palakkad": 685,
    "Pattambi": 714,
    "Vadakkenchery": 942,
    "Kuttoor": 532,
    "Attingal": 59,
    "Chala": 177,
    "Neyyatinkara": 669,
    "Parassala": 706,
    "Burhanpur": 172,
    "Burhanpur(F&V)": 173,
    "Chhindwara(F&V)": 202,
    "Haatpipliya": 346,
    "Loharda": 544,
    "Badnawar": 71,
    "Kukshi": 525,
    "Dindori": 271,
    "Gorakhpur": 334,
    "Harda(F&V)": 359,
    "Itarsi": 386,
    "Indore(F&V)": 382,
    "Khargone": 483,
    "Mandsaur": 572,
    "Mandsaur(F&V)": 573,
    "Neemuch": 664,
    "Ajaygarh": 13,
    "Khujner": 489,
    "Machalpur": 550,
    "Ratlam(F&V)": 782,
    "Garhakota": 315,
    "Nagod": 636,
    "Nasrullaganj": 656,
    "Sehore": 823,
    "Kalapipal": 430,
    "Momanbadodiya": 612,
    "Shajapur": 835,
    "Shajapur(F&V)": 836,
    "Syopurkalan(F&V)": 881,
    "Badnagar": 70,
    "Gulabganj": 339,
    "Akole": 19,
    "Parner": 708,
    "Rahata": 757,
    "Rahuri": 758,
    "Rahuri(Vambori)": 759,
    "Sangamner": 808,
    "Shevgaon": 839,
    "Shevgaon(Bodhegaon)": 840,
    "Shrirampur": 846,
    "Akola": 18,
    "Telhara": 894,
    "Amarawati": 28,
    "Amrawati(Frui & Veg. Market)": 33,
    "Daryapur": 231,
    "Gangapur": 308,
    "Sillod": 854,
    "Beed": 120,
    "Kille Dharur": 493,
    "Lakhandur": 534,
    "Pavani": 718,
    "Deoulgaon Raja": 244,
    "Brahmpuri": 168,
    "Chandrapur(Ganjwad)": 186,
    "Chimur": 205,
    "Savali": 819,
    "Sindevahi": 857,
    "Dhule": 268,
    "Dondaicha": 276,
    "Armori": 49,
    "Gandchiroli": 305,
    "Hingoli(Kanegoan Naka)": 369,
    "Ambad (Vadigodri)": 29,
    "Amalner": 27,
    "Chalisgaon": 178,
    "Chopada": 215,
    "Jalgaon": 398,
    "Jalgaon(Masawat)": 399,
    "Pachora": 680,
    "Pachora(Bhadgaon)": 681,
    "Kolhapur": 502,
    "Kolhapur(Malkapur)": 503,
    "Ahmedpur": 11,
    "Fruit Market": 299,
    "Mumbai": 620,
    "Vashi New Mumbai": 953,
    "Kalmeshwar": 436,
    "Kamthi": 444,
    "Katol": 465,
    "Nagpur": 637,
    "Parshiwani": 709,
    "Umared": 932,
    "Bhokar": 138,
    "Dharmabad": 262,
    "Kinwat": 494,
    "Devala": 247,
    "Kalvan": 438,
    "Malegaon(Umarane)": 565,
    "Manmad": 580,
    "Nasik": 655,
    "Pimpalgaon": 728,
    "Pimpalgaon Baswant(Saykheda)": 729,
    "Sinner": 860,
    "Yeola": 986,
    "Paranda": 704,
    "Tuljapur": 922,
    "Palam": 687,
    "Parbhani": 707,
    "Selu": 824,
    "Junnar(Alephata)": 421,
    "Pune": 746,
    "Pune(Hadapsar)": 747,
    "Pune(Pimpri)": 748,
    "Roha": 788,
    "Ratnagiri (Nachane)": 783,
    "Palus": 696,
    "Sangli": 809,
    "Sangli(Phale, Bhajipura Market)": 810,
    "Tasgaon": 893,
    "Vita": 973,
    "Patan": 711,
    "Vai": 946,
    "Akluj": 17,
    "Barshi": 110,
    "Mangal Wedha": 576,
    "Pandharpur": 699,
    "Solapur": 866,
    "Murbad": 624,
    "Palghar": 691,
    "Vasai": 952,
    "Arvi": 52,
    "Hinganghat": 368,
    "Pulgaon": 742,
    "Wardha": 979,
    "Ralegaon": 766,
    "Umarked(Danki)": 933,
    "Umarkhed": 934,
    "Yeotmal": 987,
    "Shillong": 843,
    "Tura": 925,
    "Jowai": 417,
    "Azadpur": 63,
    "Flower Market,Gazipur": 298,
    "Bargarh(Barapalli)": 104,
    "Padampur": 682,
    "Sohela": 864,
    "Bhadrak": 126,
    "Sahidngar": 798,
    "Bolangir": 163,
    "Kantabaji": 453,
    "Tusura": 927,
    "Boudh": 166,
    "Khunthabandha": 490,
    "Athagarh": 55,
    "Banki": 93,
    "Kendupatna": 473,
    "Kendupatna(Niali)": 474,
    "Deogarh": 242,
    "Kamakhyanagar": 440,
    "Bhanjanagar": 130,
    "Jajpur": 394,
    "Chatta Krushak Bazar": 194,
    "Gopa": 332,
    "Kendrapara": 471,
    "Kendrapara(Marshaghai)": 472,
    "Pattamundai": 715,
    "Malkanagiri": 566,
    "Malkangiri(Korakunda)": 567,
    "Karanjia": 457,
    "Bahadajholla": 78,
    "Sarankul": 814,
    "Nabarangpur(Umerkote)": 629,
    "Nawarangpur": 662,
    "Khariar": 484,
    "Gosala": 336,
    "Sahaspur": 797,
    "Sambalpur": 802,
    "Birmaharajpur": 153,
    "Dungurapalli": 280,
    "Bonai": 165,
    "Panposh": 700,
    "Sargipali": 816,
    "Karaikal": 455,
    "Ajnala": 14,
    "Chogawan": 214,
    "Majitha": 563,
    "Barnala": 109,
    "Dhanaula": 254,
    "Bhagta Bhai Ka": 128,
    "Bhucho": 140,
    "Rampuraphul(Nabha Mandi)": 774,
    "Faridkot": 291,
    "Bassi Pathana": 114,
    "Abohar": 0,
    "Firozepur City": 297,
    "Makhu": 564,
    "Talwandi Bhai": 885,
    "Batala": 116,
    "Dera Baba Nanak": 245,
    "Dhariwal": 261,
    "Gurdaspur": 344,
    "Kalanaur": 429,
    "Dasuya": 232,
    "Adampur": 5,
    "Bilga": 146,
    "Goraya": 335,
    "Jalandhar City(Jalandhar)": 396,
    "Lohian Khas": 547,
    "Mehatpur": 597,
    "Noor Mehal": 676,
    "Phillaur": 725,
    "Phillaur(Apra Mandi)": 726,
    "Kapurthala": 454,
    "Sultanpur": 873,
    "Doraha": 277,
    "Sahnewal": 800,
    "Baghapurana": 75,
    "Kot ise Khan": 512,
    "Nihal Singh Wala": 671,
    "Banur": 97,
    "Banur (Kheragaju)": 98,
    "Dera Bassi": 246,
    "Kharar": 482,
    "Kurali": 530,
    "Lalru": 541,
    "Bariwala": 107,
    "Giddarbaha": 320,
    "Malout": 569,
    "Muktsar": 618,
    "Balachaur": 81,
    "Banga": 89,
    "Nawan Shahar(Mandi Aur)": 659,
    "Nawan Shahar(MandiRaho)": 660,
    "Nawan Shahar(Subzi Mandi)": 661,
    "Pathankot": 712,
    "Nabha": 630,
    "Patiala": 713,
    "Anandpur Sahib": 38,
    "Chamkaur Sahib": 181,
    "Dhuri": 269,
    "Sunam": 876,
    "Harike": 363,
    "Patti": 716,
    "Tarantaran": 890,
    "Beawar": 118,
    "Bijay Nagar": 144,
    "Banswara": 96,
    "Baran": 101,
    "Barmer": 108,
    "Nagar": 633,
    "Lunkaransar": 549,
    "Badrisadri": 72,
    "Chittorgarh": 211,
    "Pratapgarh": 738,
    "Churu": 221,
    "Lalsot": 542,
    "Lalgarh Jatan": 539,
    "Sadulshahar": 795,
    "Sriganganagar": 869,
    "Goluwala": 329,
    "Hanumangarh": 355,
    "Hanumangarh Town": 356,
    "Hanumangarh(Urlivas)": 357,
    "Suratgarh": 879,
    "Bagru": 77,
    "Bheenmal(Ranlwada)": 135,
    "Khanpur": 481,
    "Jodhpur (Grain)(Mandor)": 414,
    "Jodhpur(Grain)(Bhagat Ki Kothi)": 415,
    "Pipar City": 730,
    "Itawa": 387,
    "Kota": 513,
    "Ramgang Mandi(Bapawarkala)": 769,
    "Ramgang Mandi(Samod)": 770,
    "Pali": 692,
    "Surajgarh": 877,
    "Abu Road": 1,
    "Gangapur City": 309,
    "Gangapurcity(Old Lal mandi)": 310,
    "Deoli": 243,
    "Udaipur(F&V)": 928,
    "Ariyalur Market": 47,
    "Annur": 43,
    "Coimbatore": 223,
    "Karamadai": 456,
    "Madathukulam": 551,
    "Negamam": 665,
    "Palladam": 694,
    "Pethappampatti": 724,
    "Pongalur": 734,
    "Pudupalayam": 739,
    "Senjeri": 825,
    "Sevur": 826,
    "Thiruppur": 907,
    "Thondamuthur": 911,
    "Udumalpet": 929,
    "Cuddalore": 225,
    "Arur": 51,
    "Dharampuri": 260,
    "Kambainallur": 442,
    "Palakode": 686,
    "Papparapatti": 702,
    "Pappireddipatti": 703,
    "Pennagaram": 721,
    "Dindigul": 270,
    "Gopalpatti": 333,
    "Natham": 657,
    "Palani": 688,
    "Vadamadurai ": 943,
    "Vathlagundu": 954,
    "Vedachandur": 956,
    "Alangeyam": 20,
    "Kangeyam": 447,
    "Kavunthapadi": 468,
    "Thalavadi": 897,
    "Vellakkoil": 957,
    "Pallipattu": 695,
    "Thirukkalukundram": 904,
    "Bargur": 105,
    "Denkanikottai": 241,
    "Hosur": 377,
    "Krishnagiri": 521,
    "Pochampalli": 733,
    "Uthangarai": 939,
    "Madurai": 556,
    "Melur": 601,
    "Thirumangalam": 906,
    "Namagiripettai": 645,
    "Namakkal": 646,
    "Rasipuram": 781,
    "Tiruchengode": 917,
    "Velur": 959,
    "Kamuthi": 445,
    "Attur": 60,
    "Gangavalli": 312,
    "Karumanturai": 460,
    "Kolathur": 501,
    "Konganapuram": 507,
    "Omalur": 677,
    "Salem": 801,
    "Thalaivasal": 896,
    "Thammampati": 899,
    "Vazhapadi": 955,
    "Singampuneri": 859,
    "Kumbakonam": 527,
    "Orathanadu": 678,
    "Pattukottai": 717,
    "Bodinayakkanur": 160,
    "Chinnamanur": 206,
    "Cumbum": 226,
    "Theni": 902,
    "Ambasamudram": 30,
    "Thenkasi": 903,
    "Tirunelvali": 918,
    "Cheyyar": 199,
    "Koradacheri": 509,
    "Kudavasal": 523,
    "Mannargudi": 582,
    "Poonthottam": 735,
    "Thiruvarur": 908,
    "Tiruthuraipoondi": 919,
    "Vaduvur": 945,
    "Valangaiman": 947,
    "Ammoor": 32,
    "Vellore": 958,
    "Chinnasalem": 207,
    "Gingee": 321,
    "Kallakurichi": 434,
    "Thirukovilur": 905,
    "Thiryagadurgam": 909,
    "Tindivanam": 915,
    "Valathi": 948,
    "Vikkiravandi": 967,
    "Villupuram": 968,
    "Sathur": 817,
    "Adilabad": 6,
    "Asifabad": 54,
    "Bhainsa": 129,
    "Boath": 155,
    "Ichoda": 381,
    "Indravelly(Utnoor)": 383,
    "Jainath": 392,
    "Jainoor": 393,
    "Kagaznagar": 426,
    "Khanapur": 480,
    "Kuber": 522,
    "Nirmal": 672,
    "Sarangapur": 813,
    "Bowenpally": 167,
    "Gaddiannaram": 302,
    "Gudimalkapur": 338,
    "Hyderabad (F&V)": 380,
    "L B Nagar": 533,
    "Choppadandi": 216,
    "Dharmapuri": 263,
    "Gangadhara": 307,
    "Gollapally": 328,
    "Huzzurabad": 379,
    "Jammikunta": 403,
    "Karimnagar": 458,
    "Kathalapur": 464,
    "Koratla": 510,
    "Mallial(Cheppial)": 568,
    "Manthani": 585,
    "Medipally": 593,
    "Metpally": 602,
    "Pothgal": 737,
    "Pudur": 740,
    "Sircilla": 861,
    "Sultanabad": 872,
    "Vemulawada": 960,
    "Bhadrachalam": 125,
    "Burgampadu": 171,
    "Charla": 191,
    "Dammapet": 230,
    "Enkoor": 284,
    "Kallur": 435,
    "Khammam": 479,
    "Kothagudem": 515,
    "Madhira": 552,
    "Nelakondapally": 666,
    "Sattupalli": 818,
    "Wyra": 981,
    "Yellandu": 983,
    "Achampet": 2,
    "Achampet(Amrabad)": 3,
    "Atmakur": 57,
    "Gadwal": 304,
    "Kollapur": 504,
    "Mahbubnagar": 557,
    "Nagarkurnool": 634,
    "Shadnagar": 828,
    "Wanaparthy town": 977,
    "Dubbak": 279,
    "Jogipet": 416,
    "Medak": 590,
    "Narayankhed": 649,
    "Narsapur": 654,
    "Ramayampet": 768,
    "Siddipet": 849,
    "Togguta": 920,
    "Aler": 21,
    "Bhongir": 139,
    "Chandur": 187,
    "Chandur(Mungodu)": 188,
    "Chityal": 213,
    "Choutuppal": 220,
    "Devarakonda": 248,
    "Devarkonda(Dindi)": 250,
    "Devarkonda(Mallepalli)": 251,
    "Halia": 349,
    "Kodad": 496,
    "Mothkur": 615,
    "Nakrekal": 641,
    "Nalgonda": 644,
    "Neredcherla": 667,
    "Nidamanoor": 670,
    "Suryapeta": 880,
    "Venkateswarnagar": 961,
    "Venkateswarnagar(Chintapalli)": 962,
    "Voligonda": 974,
    "Voligonda(Ramannapet)": 975,
    "Armoor": 48,
    "Banswada": 95,
    "Bhiknoor": 137,
    "Birkur": 152,
    "Bodhan": 159,
    "Gandhari": 306,
    "Kammarpally": 443,
    "Madnoor": 555,
    "Yellareddy": 985,
    "Chevella": 198,
    "Medchal": 591,
    "Cherial": 196,
    "Dornakal": 278,
    "Jangaon": 404,
    "Kodakandal": 497,
    "Narsampet": 653,
    "Thorrur": 912,
    "Warangal": 978,
    "Teliamura": 895,
    "Kamalghat": 441,
    "Achnera": 4,
    "Agra": 7,
    "Fatehpur Sikri": 295,
    "Jagnair": 390,
    "Jarar": 405,
    "Khairagarh": 476,
    "Aligarh": 23,
    "Atrauli": 58,
    "Charra": 192,
    "Khair": 475,
    "Allahabad": 24,
    "Jasra": 408,
    "Akbarpur": 16,
    "Tanda": 888,
    "Auraiya": 61,
    "Azamgarh": 64,
    "Babrala": 66,
    "Badayoun": 68,
    "Bilsi": 148,
    "Dataganj": 233,
    "Shahaswan": 831,
    "Visoli": 971,
    "Wazirganj": 980,
    "Bagpat": 76,
    "Baraut": 102,
    "Khekda": 488,
    "Bahraich": 80,
    "Mihipurwa": 604,
    "Naanpara": 628,
    "Risia": 786,
    "Ruperdeeha": 793,
    "Ballia": 85,
    "Chitwadagaon": 212,
    "Rasda": 780,
    "Balrampur": 86,
    "Panchpedwa": 698,
    "Utraula": 940,
    "Baberu": 65,
    "Banda": 88,
    "Barabanki": 100,
    "Rudauli": 791,
    "Anwala": 45,
    "Bahedi": 79,
    "Bareilly": 103,
    "Richha": 784,
    "Basti": 115,
    "Chaandpur": 175,
    "Dhampur": 253,
    "Haldaur": 347,
    "Kiratpur": 495,
    "Nagina": 635,
    "Najibabad": 640,
    "Anoop Shahar": 44,
    "Buland Shahr": 169,
    "Divai": 274,
    "Gulavati": 340,
    "Khurja": 491,
    "Sikarpur": 851,
    "Siyana": 863,
    "Karvi": 461,
    "Mau(Chitrakut)": 588,
    "Barhaj": 106,
    "Devariya": 249,
    "Aliganj": 22,
    "Awagarh": 62,
    "Etah": 285,
    "Bharthna": 132,
    "Etawah": 286,
    "Jasvantnagar": 409,
    "Faizabad": 288,
    "Farukhabad": 292,
    "Kayamganj": 469,
    "Bindki": 149,
    "Fatehpur": 294,
    "Jahanabad": 391,
    "Firozabad": 296,
    "Shikohabad": 842,
    "Tundla": 924,
    "Dadri": 227,
    "Javer": 411,
    "Ghaziabad": 318,
    "Hapur": 358,
    "Muradnagar": 623,
    "Noida": 675,
    "Yusufpur": 988,
    "Gonda": 330,
    "Chorichora": 217,
    "Sehjanwa": 822,
    "Bharuasumerpur": 133,
    "Maudaha": 589,
    "Muskara": 625,
    "Raath": 755,
    "Hardoi": 360,
    "Madhoganj": 553,
    "Sandi": 807,
    "Shahabad(New Mandi)": 830,
    "Shadabad": 827,
    "Sikandraraau": 850,
    "Ait": 12,
    "Jalaun": 397,
    "Konch": 506,
    "Jaunpur": 410,
    "Mugrabaadshahpur": 616,
    "Shahganj": 832,
    "Baruwasagar": 111,
    "Jhansi": 413,
    "Moth": 614,
    "Amroha": 35,
    "Dhanura": 259,
    "Hasanpur": 365,
    "Chhibramau(Kannuj)": 201,
    "Kannauj": 450,
    "Choubepur": 219,
    "Kanpur(Grain)": 452,
    "Pukhrayan": 741,
    "Uttaripura": 941,
    "Maigalganj": 561,
    "Mohammdi": 610,
    "Golagokarnath": 327,
    "Lakhimpur": 536,
    "Paliakala": 693,
    "Lalitpur": 540,
    "Lucknow": 548,
    "Mehrauni": 599,
    "Anandnagar": 37,
    "Gadaura": 301,
    "Nautnava": 658,
    "Partaval": 710,
    "Mahoba": 558,
    "Bewar": 124,
    "Ghiraur": 319,
    "Mainpuri": 562,
    "Kosikalan": 511,
    "Doharighat": 275,
    "Kopaganj": 508,
    "Mau": 587,
    "Meerut": 594,
    "Sardhana": 815,
    "Ahirora": 8,
    "Mirzapur": 606,
    "Bhehjoi": 136,
    "Chandausi": 184,
    "Muradabad": 622,
    "Sambhal": 803,
    "Kadhle": 423,
    "Kairana": 427,
    "Khatauli": 485,
    "Muzzafarnagar": 626,
    "Shamli": 838,
    "Thanabhawan": 900,
    "Tamkuhi Road": 886,
    "Billsadda": 147,
    "Pilibhit": 727,
    "Puranpur": 749,
    "Vishalpur": 970,
    "Bachranwa": 67,
    "Jayas": 412,
    "Lalganj": 538,
    "Raibareilly": 760,
    "Milak": 605,
    "Rampur": 773,
    "Tanda(Rampur)": 889,
    "Chutmalpur": 222,
    "Gangoh": 314,
    "Nakud": 642,
    "Rampurmaniharan": 776,
    "Saharanpur": 796,
    "Sultanpurchilkana": 874,
    "Khalilabad": 477,
    "Badda": 69,
    "Jalalabad": 395,
    "Katra": 466,
    "Puwaha": 753,
    "Shahjahanpur": 833,
    "Tilhar": 914,
    "Payagpur": 719,
    "Sahiyapur": 799,
    "Hargaon (Laharpur)": 361,
    "Maholi": 559,
    "Misrikh": 607,
    "Sindholi": 858,
    "Sitapur": 862,
    "Viswan": 972,
    "Robertsganj": 787,
    "Jafarganj": 388,
    "Bangarmau": 91,
    "Purwa": 751,
    "Unnao": 938,
    "Varanasi(F&V)": 950,
    "Varanasi(Grain)": 951,
    "Tanakpur": 887,
    "Dehradoon": 240,
    "Rishikesh": 785,
    "Vikasnagar": 966,
    "Kotadwara": 514,
    "Lakshar": 537,
    "Roorkee": 790,
    "Haldwani": 348,
    "Ramnagar": 772,
    "Jaspur(UC)": 407,
    "Kashipur": 462,
    "Kicchha": 492,
    "Rudrapur": 792,
    "Bankura Sadar": 94,
    "Bishnupur(Bankura)": 154,
    "Indus(Bankura Sadar)": 384,
    "Khatra": 486,
    "Birbhum": 151,
    "Bolpur": 164,
    "Rampurhat": 775,
    "Burdwan": 170,
    "Guskara(Burdwan)": 345,
    "Kalna": 437,
    "Katwa": 467,
    "Baxirhat": 117,
    "Coochbehar": 224,
    "Dinhata": 273,
    "Mekhliganj": 600,
    "Pundibari": 744,
    "Toofanganj": 921,
    "Balurghat": 87,
    "Gangarampur(Dakshin Dinajpur)": 311,
    "Kalimpong": 431,
    "Karsiyang(Matigara)": 459,
    "Siliguri": 853,
    "Champadanga": 183,
    "Kalipur": 432,
    "Ramkrishanpur(Howrah)": 771,
    "Uluberia": 931,
    "Falakata": 289,
    "Jalpaiguri Sadar": 400,
    "Bara Bazar (Posta Bazar)": 99,
    "Sealdah Koley Market": 821,
    "English Bazar": 283,
    "Samsi": 806,
    "Egra/contai": 282,
    "Kolaghat": 499,
    "Ghatal": 317,
    "Medinipur(West)": 592,
    "Kasimbazar": 463,
    "Bethuadahari": 123,
    "Kalyani": 439,
    "Ranaghat": 777,
    "Balarampur": 82,
    "Purulia": 750,
    "Islampur": 385,
    "Raiganj": 761
  },
  "commodity": {
    "Black Gram (Urd Beans)": 21,
    "Corriander seed": 50,
    "Jute": 93,
    "Lentil(Masur)": 102,
    "Mustard": 125,
    "Potato": 146,
    "Wheat Atta": 188,
    "Maida Atta": 110,
    "Green Chilli": 75,
    "Green Gram Dal (Moong Dal)": 77,
    "Paddy(Dhan)": 133,
    "Bengal Gram(Gram)": 16,
    "Lak(Teora)": 99,
    "Onion": 129,
    "Tomato": 180,
    "Tinda": 179,
    "Mahua": 109,
    "Bhindi(Ladies Finger)": 19,
    "Lemon": 101,
    "Maize": 111,
    "Bottle gourd": 24,
    "Brinjal": 25,
    "Carrot": 30,
    "Methi(Leaves)": 121,
    "Cotton": 51,
    "Bajra(Pearl Millet/Cumbu)": 9,
    "Castor Seed": 32,
    "Chili Red": 37,
    "Cummin Seed(Jeera)": 55,
    "Jowar(Sorghum)": 92,
    "Methi Seeds": 120,
    "Sesamum(Sesame,Gingelly,Til)": 161,
    "Wheat": 187,
    "Suva (Dill Seed)": 171,
    "Rajgir": 151,
    "Soanf": 163,
    "Guar Seed(Cluster Beans Seed)": 83,
    "Coriander(Leaves)": 48,
    "Ginger(Green)": 70,
    "Groundnut": 80,
    "Arhar (Tur/Red Gram)": 5,
    "Beans": 13,
    "Soyabean": 165,
    "Barley (Jau)": 12,
    "Green Gram (Moong)": 76,
    "Groundnut (Split)": 81,
    "Isabgul (Psyllium)": 88,
    "Kulthi(Horse Gram)": 98,
    "Ground Nut Seed": 79,
    "Garlic": 67,
    "Cluster beans": 41,
    "Cauliflower": 33,
    "Cucumbar(Kheera)": 54,
    "Pumpkin": 147,
    "Apple": 3,
    "Bitter gourd": 20,
    "Cabbage": 27,
    "Capsicum": 28,
    "Ginger(Dry)": 69,
    "Long Melon(Kakri)": 108,
    "Mango": 112,
    "Peas Wet": 137,
    "Raddish": 148,
    "Spinach": 166,
    "Banana": 10,
    "Ber(Zizyphus/Borehannu)": 17,
    "Grapes": 73,
    "Mousambi(Sweet Lime)": 124,
    "Turnip": 185,
    "Orange": 131,
    "Pine Apple": 142,
    "Pomegranate": 145,
    "Water Melon": 186,
    "Chikoos(Sapota)": 36,
    "Green Peas": 78,
    "Karbuja(Musk Melon)": 95,
    "Linseed": 105,
    "Sponge gourd": 167,
    "Kinnow": 96,
    "French Beans (Frasbean)": 66,
    "Guava": 84,
    "Papaya": 134,
    "Squash(Chappal Kadoo)": 168,
    "Gur(Jaggery)": 85,
    "Bengal Gram Dal (Chana Dal)": 15,
    "Masur Dal": 118,
    "Sugar": 169,
    "Pointed gourd (Parval)": 144,
    "Arhar Dal(Tur Dal)": 6,
    "Mustard Oil": 126,
    "Rice": 152,
    "Jack Fruit": 89,
    "Dalda": 56,
    "Peas(Dry)": 139,
    "Tamarind Fruit": 175,
    "Cowpea (Lobia/Karamani)": 52,
    "Sunflower": 170,
    "Alasande Gram": 0,
    "Avare Dal": 8,
    "Black Gram Dal (Urd Dal)": 22,
    "Black pepper": 23,
    "Cashewnuts": 31,
    "Chennangi Dal": 35,
    "Coconut": 42,
    "Dry Chillies": 58,
    "Moath Dal": 123,
    "Ragi (Finger Millet)": 149,
    "Ridgeguard(Tori)": 153,
    "Beetroot": 14,
    "Chilly Capsicum": 38,
    "Drumstick": 57,
    "Knool Khol": 97,
    "Seemebadnekai": 160,
    "Snakeguard": 162,
    "Foxtail Millet(Navane)": 65,
    "Safflower": 158,
    "Banana - Green": 11,
    "Tender Coconut": 178,
    "Lint": 106,
    "Sajje": 159,
    "Copra": 47,
    "Arecanut(Betelnut/Supari)": 4,
    "Chapparad Avare": 34,
    "Honge seed": 86,
    "T.V. Cumbu": 174,
    "Tamarind Seed": 176,
    "Soapnut(Antawala/Retha)": 164,
    "Elephant Yam (Suran)": 61,
    "Amphophalus": 2,
    "Ashgourd": 7,
    "Coconut Oil": 43,
    "Cowpea(Veg)": 53,
    "Gingelly Oil": 68,
    "Amaranthus": 1,
    "Colacasia": 46,
    "Tapioca": 177,
    "Little gourd (Kundru)": 107,
    "Mango (Raw-Ripe)": 113,
    "Cardamoms": 29,
    "Cloves": 40,
    "Coffee": 45,
    "Nutmeg": 128,
    "Rubber": 157,
    "Turmeric": 184,
    "Indian Beans (Seam)": 87,
    "Pepper ungarbled": 140,
    "Coconut Seed": 44,
    "Papaya (Raw)": 135,
    "Green Avare (W)": 74,
    "Kabuli Chana(Chickpeas-White)": 94,
    "Lime": 104,
    "Sweet Potato": 172,
    "Duster Beans": 59,
    "Myrobolan(Harad)": 127,
    "Plum": 143,
    "Mataki": 119,
    "Guar": 82,
    "Sweet Pumpkin": 173,
    "Mint(Pudina)": 122,
    "Onion Green": 130,
    "Leafy Vegetable": 100,
    "Betal Leaves": 18,
    "Field Pea": 62,
    "Chrysanthemum": 39,
    "Cornation": 49,
    "Gladiolus Cut Flower": 71,
    "Jaffri": 90,
    "Jarbara": 91,
    "Lilly": 103,
    "Marget": 114,
    "Marigold(Calcutta)": 115,
    "Marigold(loose)": 116,
    "Orchid": 132,
    "Patti Calcutta": 136,
    "Raibel": 150,
    "Rose(Local)": 154,
    "Rose(Loose)": 155,
    "Tube Rose(Double)": 181,
    "Tube Rose(Loose)": 182,
    "Tube Rose(Single)": 183,
    "Fish": 64,
    "Egg": 60,
    "Broken Rice": 26,
    "Round gourd": 156,
    "Peas cod": 138,
    "Gram Raw(Chholia)": 72,
    "Mashrooms": 117,
    "Yam": 191,
    "Wood": 190,
    "Pigs": 141,
    "White Peas": 189,
    "Firewood": 63
  },
  "variety": {
    "Black Gram (Whole)": 52,
    "Coriander Seed": 86,
    "TD-5": 312,
    "Masoor Gola": 207,
    "Mustard": 221,
    "Potato": 260,
    "Masur Dal": 208,
    "Wheat Atta": 327,
    "Maida Atta": 203,
    "Green Chilly": 130,
    "Green Gram Dal": 132,
    "Other": 237,
    "Desi (Whole)": 104,
    "Lak (Whole)": 185,
    "Paddy Medium": 244,
    "Paddy Coarse": 241,
    "Paddy": 240,
    "Common": 83,
    "Paddy fine": 245,
    "Bhindi": 44,
    "Lemon": 187,
    "Local": 190,
    "Shanker 6 (B) 30mm FIne": 288,
    "Red": 270,
    "Black": 51,
    "White": 328,
    "Lokwan": 194,
    "Cummin Seed(Jeera)": 92,
    "Methiseeds": 213,
    "Deshi": 99,
    "Castor seed": 67,
    "Narma BT Cotton": 226,
    "Jowar ( White)": 162,
    "Hybrid": 148,
    "Bottle Gourd": 57,
    "Brinjal": 58,
    "Coriander": 85,
    "Green Ginger": 131,
    "Tomato": 320,
    "G20": 116,
    "Arhar (Whole)": 22,
    "Beans (Whole)": 38,
    "Soyabeen": 299,
    "Onion": 234,
    "Split": 301,
    "Bold": 55,
    "Green (Whole)": 128,
    "Groundnut(Split)": 136,
    "Isabgul (Psyllium)": 157,
    "Horse gram (Whole)": 147,
    "Sharbati": 289,
    "Ground Nut Seed": 135,
    "Lokwan Gujrat": 195,
    "Soanf": 295,
    "Caster": 66,
    "Whole": 331,
    "Suva (Dill Seed)": 307,
    "Sarson(Black)": 285,
    "Sesame": 287,
    "H.Y.4 (Unginned)": 141,
    "Garlic": 119,
    "Desi": 102,
    "Cluster Beans": 78,
    "Cauliflower": 68,
    "Pumpkin": 261,
    "Bitter Gourd": 50,
    "Capsicum": 64,
    "Carrot": 65,
    "Cucumbar": 91,
    "Peas Wet": 250,
    "Raddish": 264,
    "Spinach": 300,
    "Ber(Zizyphus)": 42,
    "Round": 275,
    "Green": 127,
    "American": 17,
    "343": 7,
    "Royal Delicious": 278,
    "Totapuri": 321,
    "Delicious": 98,
    "Bengal Gram Dal": 41,
    "Bengal Gram (Split)": 40,
    "Arhar Dal(Tur)": 23,
    "Fine": 112,
    "Medium": 211,
    "Motta (Coarse) Boiled": 217,
    "Cabbage": 63,
    "Dalda": 95,
    "Deshi Red": 100,
    "Chini": 76,
    "Medium Fine": 212,
    "Nasik": 227,
    "Anakapalli": 19,
    "Mahua": 202,
    "Mustard Oil": 222,
    "Peas(Dry)": 251,
    "Coarse": 80,
    "M-30": 197,
    "Tamarind Fruit": 314,
    "Boiled Rice": 54,
    "Broken Rice": 59,
    "Average (Whole)": 27,
    "Cowpea (Whole)": 89,
    "Gejje": 120,
    "Hybrid/Local": 150,
    "Sunflower": 305,
    "Nizamabad": 233,
    "Alasande Gram": 15,
    "Avare (Whole)": 25,
    "Black Gram Dal": 53,
    "Local(Raw)": 192,
    "Chennangi Dal": 73,
    "Grade-I": 124,
    "Byadgi": 61,
    "Guntur": 138,
    "Green Peas": 134,
    "Big (With Shell)": 46,
    "Mudde": 219,
    "Moath Dal": 216,
    "Puna": 262,
    "Apple": 21,
    "Elakki Bale": 107,
    "Nauti Bale": 229,
    "Nendra Bale": 231,
    "Pachha Bale": 239,
    "Sapota": 283,
    "Karbhuja": 171,
    "Keshar": 176,
    "Mousambi": 218,
    "Orange": 236,
    "Papaya": 247,
    "Pine Apple": 253,
    "Pomogranate": 257,
    "Water Melon": 326,
    "Ridgeguard(Tori)": 272,
    "Coconut": 81,
    "Beetroot": 39,
    "Chilly Capsicum": 74,
    "Drumstick": 105,
    "Knool Khol": 179,
    "Seemebadanekai": 286,
    "Snakeguard": 294,
    "LD-327": 183,
    "Navane Hybrid": 230,
    "Local (Whole)": 191,
    "Jowar Hybrid": 164,
    "Yellow": 333,
    "Sanna Bhatta": 282,
    "Natte": 228,
    "Safflower": 279,
    "Mexican": 214,
    "CR 1009 (Coarse) Boiled": 62,
    "LH-1556": 184,
    "Achhu": 13,
    "Bansi": 35,
    "Sona": 296,
    "Banana - Green": 33,
    "Round/Long": 277,
    "Tender Coconut": 318,
    "GCH": 117,
    "Balli/Habbu": 32,
    "Jaydhar": 161,
    "Jawari/Local": 160,
    "Sajje": 280,
    "H.D.": 140,
    "777 New Vasad Imp": 8,
    "Copra": 84,
    "Dabbi": 94,
    "Kaddi": 168,
    "Chippu": 77,
    "Kole": 180,
    "Ripe": 273,
    "Cqca": 90,
    "Factory": 110,
    "Bilegotu": 49,
    "Chali": 69,
    "Kempugotu": 175,
    "Rashi": 268,
    "Tattibettee": 317,
    "Malabar": 204,
    "Unde": 324,
    "IR 20": 154,
    "Hansa": 144,
    "Chapparada Avarekai": 72,
    "Paddy Dappa": 242,
    "Kurikatu": 182,
    "New Variety": 232,
    "Big": 45,
    "IR-8": 155,
    "Kattasambar": 174,
    "Honge Seed": 146,
    "Tamarind Seed": 315,
    "Paddy Jyoti": 243,
    "H-4(A) 27mm FIne": 139,
    "api": 335,
    "Bette": 43,
    "Gorabalu": 122,
    "Saraku": 284,
    "Super Fine": 306,
    "Elephant Yam (Suran)": 108,
    "Grade- II": 123,
    "Grade-III": 125,
    "Amphophalus": 18,
    "Cowpea (Veg)": 88,
    "Small": 291,
    "Palayamthodan": 246,
    "Amaranthus": 16,
    "Ashgourd": 24,
    "Poovan": 259,
    "Mango - Raw-Ripe": 205,
    "Ungrabled": 325,
    "Garbled": 118,
    "Dry": 106,
    "Robusta": 274,
    "other": 336,
    "Mataa Parboiled": 210,
    "RSS-4": 263,
    "Red Banana": 271,
    "Banana - Ripe": 34,
    "2nd Sort": 6,
    "Tapioca": 316,
    "Rasakathai": 267,
    "Green Avare (W)": 129,
    "Green Gram Dhall-I": 133,
    "Jack Fruit": 158,
    "Kabuli Chana(Chickpeas-white)": 167,
    "Sweet Potato": 310,
    "Colacasia": 82,
    "H4": 143,
    "Myrobolan": 223,
    "Plum": 254,
    "Mill Quality": 215,
    "Linseed": 189,
    "Maharashtra 2189": 201,
    "Deshi White": 101,
    "Khandesh": 177,
    "Kabul Small": 166,
    "147 Average": 4,
    "Kalyan": 170,
    "Rajapuri": 266,
    "Hapus(Alphaso)": 145,
    "1009 Kar": 2,
    "Champa": 70,
    "Field Pea": 111,
    "French Beans (Frasbean)": 115,
    "Gladiolus Cut Flower": 121,
    "1001": 1,
    "Papaya (Raw)": 248,
    "Pointed gourd (Parval)": 255,
    "Bombay (U.P.)": 56,
    "NO 2": 224,
    "ADT 38": 10,
    "B P T": 28,
    "Pommani": 256,
    "White Ponni": 330,
    "Jalander": 159,
    "Onion Green": 235,
    "Gram Raw(Chholia)": 126,
    "Mashrooms": 206,
    "Round gourd": 276,
    "Tinda": 319,
    "Squash(Chappal Kadoo)": 303,
    "Simla": 290,
    "Leafy Vegetables": 186,
    "Kufri Giriraj": 181,
    "Long Melon (Kakri)": 196,
    "Bulb": 60,
    "Finger": 113,
    "Ball": 31,
    "DMV-7": 93,
    "Hybrid Red (Cattle Feed)": 149,
    "Chapathi": 71,
    "MCU 5": 199,
    "ADT 36": 9,
    "ADT 43": 11,
    "AST 16": 12,
    "Ponni": 258,
    "Jowar (Yellow)": 163,
    "Co. 43": 79,
    "MCU": 198,
    "Cotton (Unginned)": 87,
    "Yam": 332,
    "Guava": 137,
    "Badami": 29,
    "1st Sort": 5,
    "I.R. 64": 152,
    "MTU-1010": 200,
    "Samba Masuri": 281,
    "Talu": 313,
    " Subabul": 0,
    "Mungari (Unginned)": 220,
    "Katla(Big)": 173,
    "Rahu(Andhra)": 265,
    "China": 75,
    "Indian Beans (Seam)": 156,
    "Swarna Masuri (New)": 308,
    "Pigs": 252,
    "Masuri": 209,
    "Sponge gourd": 302,
    "Sweet Pumpkin": 311,
    "Bata Putti": 37,
    "Dara": 96,
    "Pathari": 249,
    "Lime": 188,
    "Basmati 1509": 36,
    "Sugandha": 304,
    "III": 153,
    "Kala Masoor New": 169,
    "Kasmir/Shimla - II": 172,
    "Khandsari": 178,
    "1121": 3,
    "White Peas": 329,
    "Lohi Black": 193,
    "Average": 26,
    "Small (Whole)": 293,
    "F.A.Q.": 109,
    "Annabesahai": 20,
    "Darjeeling": 97,
    "Big 100 Kg": 47,
    "U.P. (Split)": 322,
    "African Sarson": 14,
    "PCB-138": 238,
    "UP": 323,
    "Nagpuri": 225,
    "Desi (F.A.Q. Split)": 103,
    "Badshah": 30,
    "Firewood": 114,
    "Jyoti": 165,
    "Sonalika": 298,
    "I.R. 36": 151,
    "Big/Thick": 48,
    "Yellow (Black)": 334,
    "Swarna Masuri (OLD)": 309,
    "Ratnachudi (718 5-749)": 269,
    "Sona Mansoori Non Basmati": 297,
    "Small (Split)": 292,
    "H.Y.V.": 142
  },
  "arrival_date": {
    "06-04-2018": 1528070400
  },
  "Rainfall": {
    "2900.0": 2900.0,
    "3825.0": 3825.0,
    "3500.0": 3500.0,
    "3600.0": 3600.0,
    "800.0": 800.0,
    "5700.0": 5700.0,
    "2500.0": 2500.0,
    "2380.0": 2380.0,
    "1140.0": 1140.0,
    "2330.0": 2330.0,
    "1800.0": 1800.0,
    "3400.0": 3400.0,
    "2270.0": 2270.0,
    "3800.0": 3800.0,
    "2230.0": 2230.0,
    "6600.0": 6600.0,
    "4700.0": 4700.0,
    "2400.0": 2400.0,
    "3900.0": 3900.0,
    "1500.0": 1500.0,
    "1550.0": 1550.0,
    "1200.0": 1200.0,
    "250.0": 250.0,
    "2250.0": 2250.0,
    "1615.0": 1615.0,
    "1552.0": 1552.0,
    "1528.0": 1528.0,
    "1530.0": 1530.0,
    "1400.0": 1400.0,
    "1000.0": 1000.0,
    "5400.0": 5400.0,
    "200.0": 200.0,
    "2300.0": 2300.0,
    "1430.0": 1430.0,
    "750.0": 750.0,
    "1350.0": 1350.0,
    "1700.0": 1700.0,
    "3930.0": 3930.0,
    "1405.0": 1405.0,
    "3005.0": 3005.0,
    "3725.0": 3725.0,
    "11450.0": 11450.0,
    "4705.0": 4705.0,
    "13975.0": 13975.0,
    "3200.0": 3200.0,
    "2125.0": 2125.0,
    "3830.0": 3830.0,
    "7540.0": 7540.0,
    "8125.0": 8125.0,
    "1825.0": 1825.0,
    "4157.0": 4157.0,
    "14000.0": 14000.0,
    "2503.0": 2503.0,
    "7603.0": 7603.0,
    "7668.0": 7668.0,
    "1425.0": 1425.0,
    "3250.0": 3250.0,
    "3518.0": 3518.0,
    "4513.0": 4513.0,
    "13938.0": 13938.0,
    "2763.0": 2763.0,
    "7375.0": 7375.0,
    "6500.0": 6500.0,
    "1878.0": 1878.0,
    "275.0": 275.0,
    "350.0": 350.0,
    "850.0": 850.0,
    "1130.0": 1130.0,
    "1850.0": 1850.0,
    "1668.0": 1668.0,
    "1300.0": 1300.0,
    "3925.0": 3925.0,
    "4100.0": 4100.0,
    "1275.0": 1275.0,
    "3915.0": 3915.0,
    "13500.0": 13500.0,
    "4400.0": 4400.0,
    "5350.0": 5350.0,
    "1750.0": 1750.0,
    "1290.0": 1290.0,
    "3882.0": 3882.0,
    "13187.0": 13187.0,
    "3685.0": 3685.0,
    "3452.0": 3452.0,
    "3475.0": 3475.0,
    "1627.0": 1627.0,
    "3912.0": 3912.0,
    "3405.0": 3405.0,
    "4202.0": 4202.0,
    "8250.0": 8250.0,
    "2042.0": 2042.0,
    "3927.0": 3927.0,
    "15200.0": 15200.0,
    "3327.0": 3327.0,
    "3462.0": 3462.0,
    "6732.0": 6732.0,
    "4052.0": 4052.0,
    "1637.0": 1637.0,
    "650.0": 650.0,
    "1025.0": 1025.0,
    "1925.0": 1925.0,
    "2825.0": 2825.0,
    "2375.0": 2375.0,
    "6425.0": 6425.0,
    "600.0": 600.0,
    "3700.0": 3700.0,
    "1900.0": 1900.0,
    "2540.0": 2540.0,
    "4600.0": 4600.0,
    "15650.0": 15650.0,
    "3175.0": 3175.0,
    "2505.0": 2505.0,
    "1100.0": 1100.0,
    "4200.0": 4200.0,
    "3620.0": 3620.0,
    "3650.0": 3650.0,
    "7000.0": 7000.0,
    "3760.0": 3760.0,
    "1740.0": 1740.0,
    "700.0": 700.0,
    "2200.0": 2200.0,
    "1385.0": 1385.0,
    "1087.0": 1087.0,
    "3875.0": 3875.0,
    "1695.0": 1695.0,
    "1062.0": 1062.0,
    "3862.0": 3862.0,
    "1675.0": 1675.0,
    "1305.0": 1305.0,
    "3890.0": 3890.0,
    "3840.0": 3840.0,
    "3425.0": 3425.0,
    "400.0": 400.0,
    "1512.0": 1512.0,
    "3300.0": 3300.0,
    "2675.0": 2675.0,
    "3465.0": 3465.0,
    "4740.0": 4740.0,
    "12500.0": 12500.0,
    "2950.0": 2950.0,
    "1640.0": 1640.0,
    "4125.0": 4125.0,
    "1075.0": 1075.0,
    "4250.0": 4250.0,
    "4000.0": 4000.0,
    "3100.0": 3100.0,
    "3450.0": 3450.0,
    "7625.0": 7625.0,
    "7750.0": 7750.0,
    "3575.0": 3575.0,
    "1575.0": 1575.0,
    "1280.0": 1280.0,
    "4500.0": 4500.0,
    "3530.0": 3530.0,
    "1600.0": 1600.0,
    "3180.0": 3180.0,
    "4495.0": 4495.0,
    "12600.0": 12600.0,
    "3950.0": 3950.0,
    "2775.0": 2775.0,
    "325.0": 325.0,
    "7365.0": 7365.0,
    "6775.0": 6775.0,
    "3375.0": 3375.0,
    "6000.0": 6000.0,
    "9400.0": 9400.0,
    "225.0": 225.0,
    "125.0": 125.0,
    "900.0": 900.0,
    "2550.0": 2550.0,
    "1050.0": 1050.0,
    "3870.0": 3870.0,
    "12400.0": 12400.0,
    "4282.0": 4282.0,
    "3350.0": 3350.0,
    "5500.0": 5500.0,
    "4300.0": 4300.0,
    "5000.0": 5000.0,
    "5105.0": 5105.0,
    "3410.0": 3410.0,
    "14300.0": 14300.0,
    "7050.0": 7050.0,
    "3550.0": 3550.0,
    "4150.0": 4150.0,
    "7575.0": 7575.0,
    "7250.0": 7250.0,
    "3920.0": 3920.0,
    "1650.0": 1650.0,
    "4850.0": 4850.0,
    "13000.0": 13000.0,
    "1570.0": 1570.0,
    "14625.0": 14625.0,
    "1875.0": 1875.0,
    "1160.0": 1160.0,
    "1460.0": 1460.0,
    "3820.0": 3820.0,
    "12677.0": 12677.0,
    "3690.0": 3690.0,
    "6235.0": 6235.0,
    "4687.0": 4687.0,
    "2772.0": 2772.0,
    "3420.0": 3420.0,
    "4055.0": 4055.0,
    "6427.0": 6427.0,
    "4132.0": 4132.0,
    "1912.0": 1912.0,
    "1175.0": 1175.0,
    "12475.0": 12475.0,
    "3675.0": 3675.0,
    "3325.0": 3325.0,
    "2175.0": 2175.0,
    "7150.0": 7150.0,
    "1585.0": 1585.0,
    "1775.0": 1775.0,
    "3680.0": 3680.0,
    "7205.0": 7205.0,
    "1560.0": 1560.0,
    "980.0": 980.0,
    "1250.0": 1250.0,
    "2575.0": 2575.0,
    "3750.0": 3750.0,
    "6750.0": 6750.0,
    "9000.0": 9000.0,
    "4750.0": 4750.0,
    "5250.0": 5250.0,
    "1375.0": 1375.0,
    "8000.0": 8000.0,
    "1725.0": 1725.0,
    "3000.0": 3000.0,
    "625.0": 625.0,
    "2000.0": 2000.0,
    "8500.0": 8500.0,
    "500.0": 500.0,
    "1325.0": 1325.0,
    "375.0": 375.0,
    "1692.0": 1692.0,
    "7500.0": 7500.0,
    "1735.0": 1735.0,
    "3850.0": 3850.0,
    "1113.0": 1113.0,
    "3865.0": 3865.0,
    "7658.0": 7658.0,
    "1758.0": 1758.0,
    "875.0": 875.0,
    "2150.0": 2150.0,
    "12000.0": 12000.0,
    "4875.0": 4875.0,
    "13700.0": 13700.0,
    "2750.0": 2750.0,
    "1525.0": 1525.0,
    "1125.0": 1125.0,
    "3843.0": 3843.0,
    "12028.0": 12028.0,
    "4650.0": 4650.0,
    "11000.0": 11000.0,
    "5200.0": 5200.0,
    "480.0": 480.0,
    "280.0": 280.0,
    "1111.0": 1111.0,
    "3370.0": 3370.0,
    "509.0": 509.0,
    "596.0": 596.0,
    "2800.0": 2800.0,
    "300.0": 300.0,
    "7900.0": 7900.0,
    "10000.0": 10000.0,
    "4780.0": 4780.0,
    "6800.0": 6800.0,
    "550.0": 550.0,
    "2450.0": 2450.0,
    "450.0": 450.0,
    "780.0": 780.0,
    "5600.0": 5600.0,
    "6200.0": 6200.0,
    "950.0": 950.0,
    "1186.0": 1186.0,
    "6100.0": 6100.0,
    "630.0": 630.0,
    "420.0": 420.0,
    "520.0": 520.0,
    "410.0": 410.0,
    "425.0": 425.0,
    "10500.0": 10500.0,
    "2700.0": 2700.0,
    "4350.0": 4350.0,
    "7100.0": 7100.0,
    "16250.0": 16250.0,
    "2650.0": 2650.0,
    "4900.0": 4900.0,
    "2600.0": 2600.0,
    "9200.0": 9200.0,
    "11250.0": 11250.0,
    "5750.0": 5750.0,
    "10250.0": 10250.0,
    "8750.0": 8750.0,
    "2100.0": 2100.0,
    "2350.0": 2350.0,
    "1450.0": 1450.0,
    "11500.0": 11500.0,
    "2580.0": 2580.0,
    "9700.0": 9700.0,
    "7200.0": 7200.0,
    "9500.0": 9500.0,
    "5240.0": 5240.0,
    "1625.0": 1625.0,
    "5870.0": 5870.0,
    "2345.0": 2345.0,
    "4870.0": 4870.0,
    "2145.0": 2145.0,
    "2360.0": 2360.0,
    "2120.0": 2120.0,
    "680.0": 680.0,
    "1340.0": 1340.0,
    "2840.0": 2840.0,
    "1390.0": 1390.0,
    "970.0": 970.0,
    "9900.0": 9900.0,
    "5450.0": 5450.0,
    "7300.0": 7300.0,
    "4800.0": 4800.0,
    "1565.0": 1565.0,
    "2560.0": 2560.0,
    "2640.0": 2640.0,
    "1541.0": 1541.0,
    "1526.0": 1526.0,
    "9888.0": 9888.0,
    "1841.0": 1841.0,
    "2155.0": 2155.0,
    "9875.0": 9875.0,
    "3150.0": 3150.0,
    "4240.0": 4240.0,
    "3151.0": 3151.0,
    "1079.0": 1079.0,
    "3554.0": 3554.0,
    "4535.0": 4535.0,
    "3480.0": 3480.0,
    "1142.0": 1142.0,
    "3211.0": 3211.0,
    "3139.0": 3139.0,
    "5100.0": 5100.0,
    "6150.0": 6150.0,
    "6550.0": 6550.0,
    "46500.0": 46500.0,
    "86000.0": 86000.0,
    "27500.0": 27500.0,
    "8100.0": 8100.0,
    "17500.0": 17500.0,
    "8400.0": 8400.0,
    "2850.0": 2850.0,
    "6700.0": 6700.0,
    "6650.0": 6650.0,
    "7400.0": 7400.0,
    "5550.0": 5550.0,
    "17000.0": 17000.0,
    "4167.0": 4167.0,
    "3645.0": 3645.0,
    "3505.0": 3505.0,
    "2703.0": 2703.0,
    "1479.0": 1479.0,
    "2323.0": 2323.0,
    "3546.0": 3546.0,
    "1219.0": 1219.0,
    "1131.0": 1131.0,
    "1602.0": 1602.0,
    "1159.0": 1159.0,
    "3556.0": 3556.0,
    "1174.0": 1174.0,
    "1779.0": 1779.0,
    "3516.0": 3516.0,
    "1010.0": 1010.0,
    "1084.0": 1084.0,
    "3921.0": 3921.0,
    "3461.0": 3461.0,
    "6400.0": 6400.0,
    "3265.0": 3265.0,
    "3804.0": 3804.0,
    "150.0": 150.0,
    "3125.0": 3125.0,
    "483.0": 483.0,
    "620.0": 620.0,
    "714.0": 714.0,
    "1813.0": 1813.0,
    "2383.0": 2383.0,
    "1428.0": 1428.0,
    "1138.0": 1138.0,
    "29500.0": 29500.0,
    "1030.0": 1030.0,
    "2412.0": 2412.0,
    "3629.0": 3629.0,
    "1165.0": 1165.0,
    "3142.0": 3142.0,
    "3549.0": 3549.0,
    "1137.0": 1137.0,
    "1148.0": 1148.0,
    "2107.0": 2107.0,
    "3448.0": 3448.0,
    "165.0": 165.0,
    "1080.0": 1080.0,
    "3720.0": 3720.0,
    "2414.0": 2414.0,
    "3649.0": 3649.0,
    "3221.0": 3221.0,
    "4185.0": 4185.0,
    "3217.0": 3217.0,
    "3657.0": 3657.0,
    "5080.0": 5080.0,
    "2816.0": 2816.0,
    "3655.0": 3655.0,
    "1356.0": 1356.0,
    "3647.0": 3647.0,
    "4421.0": 4421.0,
    "1016.0": 1016.0,
    "3314.0": 3314.0,
    "1795.0": 1795.0,
    "4197.0": 4197.0,
    "3660.0": 3660.0,
    "5304.0": 5304.0,
    "4823.0": 4823.0,
    "3029.0": 3029.0,
    "975.0": 975.0,
    "3123.0": 3123.0,
    "3371.0": 3371.0,
    "1688.0": 1688.0,
    "3534.0": 3534.0,
    "3573.0": 3573.0,
    "1121.0": 1121.0,
    "1044.0": 1044.0,
    "3658.0": 3658.0,
    "3008.0": 3008.0,
    "1799.0": 1799.0,
    "2481.0": 2481.0,
    "3381.0": 3381.0,
    "3484.0": 3484.0,
    "3111.0": 3111.0,
    "3834.0": 3834.0,
    "1115.0": 1115.0,
    "3511.0": 3511.0,
    "3485.0": 3485.0,
    "4575.0": 4575.0,
    "2710.0": 2710.0,
    "2050.0": 2050.0,
    "4050.0": 4050.0,
    "3052.0": 3052.0,
    "6675.0": 6675.0,
    "3205.0": 3205.0,
    "3154.0": 3154.0,
    "3863.0": 3863.0,
    "4358.0": 4358.0,
    "3449.0": 3449.0,
    "3009.0": 3009.0,
    "3711.0": 3711.0,
    "3816.0": 3816.0,
    "13016.0": 13016.0,
    "12609.0": 12609.0,
    "4269.0": 4269.0,
    "9649.0": 9649.0,
    "12680.0": 12680.0,
    "12050.0": 12050.0,
    "18890.0": 18890.0,
    "16329.0": 16329.0,
    "15419.0": 15419.0,
    "11409.0": 11409.0,
    "21089.0": 21089.0,
    "16399.0": 16399.0,
    "21699.0": 21699.0,
    "15769.0": 15769.0,
    "18109.0": 18109.0,
    "31509.0": 31509.0,
    "27109.0": 27109.0,
    "34709.0": 34709.0,
    "16899.0": 16899.0,
    "15499.0": 15499.0,
    "18602.0": 18602.0,
    "35009.0": 35009.0,
    "20769.0": 20769.0,
    "30200.0": 30200.0,
    "35869.0": 35869.0,
    "5800.0": 5800.0,
    "1880.0": 1880.0,
    "953.0": 953.0,
    "130.0": 130.0,
    "634.0": 634.0,
    "433.0": 433.0,
    "2416.0": 2416.0,
    "35500.0": 35500.0,
    "1009.0": 1009.0,
    "15000.0": 15000.0,
    "21500.0": 21500.0,
    "14500.0": 14500.0,
    "20000.0": 20000.0,
    "34000.0": 34000.0,
    "23000.0": 23000.0,
    "18800.0": 18800.0,
    "21300.0": 21300.0,
    "2341.0": 2341.0,
    "9750.0": 9750.0,
    "4833.0": 4833.0,
    "8300.0": 8300.0,
    "2982.0": 2982.0,
    "1566.0": 1566.0,
    "2046.0": 2046.0,
    "5179.0": 5179.0,
    "11311.0": 11311.0,
    "1838.0": 1838.0,
    "3533.0": 3533.0,
    "1415.0": 1415.0,
    "35039.0": 35039.0,
    "19209.0": 19209.0,
    "15899.0": 15899.0,
    "33838.0": 33838.0,
    "38569.0": 38569.0,
    "20639.0": 20639.0,
    "33129.0": 33129.0,
    "54000.0": 54000.0,
    "33000.0": 33000.0,
    "15400.0": 15400.0,
    "14100.0": 14100.0,
    "21000.0": 21000.0,
    "13100.0": 13100.0,
    "18700.0": 18700.0,
    "9100.0": 9100.0,
    "19000.0": 19000.0,
    "38000.0": 38000.0,
    "35000.0": 35000.0,
    "100000.0": 100000.0,
    "63000.0": 63000.0,
    "20800.0": 20800.0,
    "12700.0": 12700.0,
    "11900.0": 11900.0,
    "21550.0": 21550.0,
    "22000.0": 22000.0,
    "18400.0": 18400.0,
    "19800.0": 19800.0,
    "11800.0": 11800.0,
    "9800.0": 9800.0,
    "37800.0": 37800.0,
    "20600.0": 20600.0,
    "5300.0": 5300.0,
    "8600.0": 8600.0,
    "2980.0": 2980.0,
    "4550.0": 4550.0,
    "2140.0": 2140.0,
    "1320.0": 1320.0,
    "35900.0": 35900.0,
    "7800.0": 7800.0,
    "10600.0": 10600.0,
    "9300.0": 9300.0,
    "11600.0": 11600.0,
    "6250.0": 6250.0,
    "36500.0": 36500.0,
    "36100.0": 36100.0,
    "12300.0": 12300.0,
    "1826.0": 1826.0,
    "1728.0": 1728.0,
    "4326.0": 4326.0,
    "4021.0": 4021.0,
    "5328.0": 5328.0,
    "2225.0": 2225.0,
    "4728.0": 4728.0,
    "1827.0": 1827.0,
    "2728.0": 2728.0,
    "5728.0": 5728.0,
    "1726.0": 1726.0,
    "1824.0": 1824.0,
    "3724.0": 3724.0,
    "2821.0": 2821.0,
    "10700.0": 10700.0,
    "3225.0": 3225.0,
    "5827.0": 5827.0,
    "6728.0": 6728.0,
    "1823.0": 1823.0,
    "2823.0": 2823.0,
    "5624.0": 5624.0,
    "11050.0": 11050.0,
    "2824.0": 2824.0,
    "2720.0": 2720.0,
    "7725.0": 7725.0,
    "2320.0": 2320.0,
    "6050.0": 6050.0,
    "4230.0": 4230.0,
    "2324.0": 2324.0,
    "1427.0": 1427.0,
    "3360.0": 3360.0,
    "1588.0": 1588.0,
    "3464.0": 3464.0,
    "1664.0": 1664.0,
    "4840.0": 4840.0,
    "1391.0": 1391.0,
    "1677.0": 1677.0,
    "3636.0": 3636.0,
    "3434.0": 3434.0,
    "1621.0": 1621.0,
    "4640.0": 4640.0,
    "3275.0": 3275.0,
    "3490.0": 3490.0,
    "3520.0": 3520.0,
    "7260.0": 7260.0,
    "3340.0": 3340.0,
    "3540.0": 3540.0,
    "2110.0": 2110.0,
    "2570.0": 2570.0,
    "660.0": 660.0,
    "530.0": 530.0,
    "3515.0": 3515.0,
    "1718.0": 1718.0,
    "1788.0": 1788.0,
    "3438.0": 3438.0,
    "3565.0": 3565.0,
    "1756.0": 1756.0,
    "3498.0": 3498.0,
    "3281.0": 3281.0,
    "2525.0": 2525.0,
    "3570.0": 3570.0,
    "1784.0": 1784.0,
    "1590.0": 1590.0,
    "1150.0": 1150.0,
    "5150.0": 5150.0,
    "5760.0": 5760.0,
    "1712.0": 1712.0,
    "1190.0": 1190.0,
    "12.0": 12.0,
    "1431.0": 1431.0,
    "1061.0": 1061.0,
    "3.0": 3.0,
    "3625.0": 3625.0,
    "4090.0": 4090.0,
    "3440.0": 3440.0,
    "1045.0": 1045.0,
    "1715.0": 1715.0,
    "3446.0": 3446.0,
    "3456.0": 3456.0,
    "1963.0": 1963.0,
    "3615.0": 3615.0,
    "4440.0": 4440.0,
    "1251.0": 1251.0,
    "3339.0": 3339.0,
    "560.0": 560.0,
    "3390.0": 3390.0,
    "4260.0": 4260.0,
    "2365.0": 2365.0,
    "1970.0": 1970.0,
    "3351.0": 3351.0,
    "50.0": 50.0,
    "2425.0": 2425.0,
    "1076.0": 1076.0,
    "2751.0": 2751.0,
    "1120.0": 1120.0,
    "1651.0": 1651.0,
    "3775.0": 3775.0,
    "1601.0": 1601.0,
    "3501.0": 3501.0,
    "1352.0": 1352.0,
    "3444.0": 3444.0,
    "1091.0": 1091.0,
    "1040.0": 1040.0,
    "1710.0": 1710.0,
    "3621.0": 3621.0,
    "1311.0": 1311.0,
    "3631.0": 3631.0,
    "3365.0": 3365.0,
    "1366.0": 1366.0,
    "1551.0": 1551.0,
    "1081.0": 1081.0,
    "1611.0": 1611.0,
    "1461.0": 1461.0,
    "925.0": 925.0,
    "1845.0": 1845.0,
    "20400.0": 20400.0,
    "28000.0": 28000.0,
    "80000.0": 80000.0,
    "25000.0": 25000.0,
    "3126.0": 3126.0,
    "1380.0": 1380.0,
    "240.0": 240.0,
    "525.0": 525.0,
    "610.0": 610.0,
    "2185.0": 2185.0,
    "415.0": 415.0,
    "3735.0": 3735.0,
    "3330.0": 3330.0,
    "3430.0": 3430.0,
    "3838.0": 3838.0,
    "2875.0": 2875.0,
    "3673.0": 3673.0,
    "2725.0": 2725.0,
    "4775.0": 4775.0,
    "1171.0": 1171.0,
    "3299.0": 3299.0,
    "1786.0": 1786.0,
    "1155.0": 1155.0,
    "3210.0": 3210.0,
    "1571.0": 1571.0,
    "1631.0": 1631.0,
    "715.0": 715.0,
    "1835.0": 1835.0,
    "2290.0": 2290.0,
    "390.0": 390.0,
    "1790.0": 1790.0,
    "1665.0": 1665.0,
    "4940.0": 4940.0,
    "5900.0": 5900.0,
    "6.0": 6.0,
    "6300.0": 6300.0,
    "4450.0": 4450.0,
    "1475.0": 1475.0,
    "2.0": 2.0,
    "5.0": 5.0,
    "9.0": 9.0,
    "4.0": 4.0,
    "10.0": 10.0,
    "8.0": 8.0,
    "7.0": 7.0,
    "11.0": 11.0,
    "1563.0": 1563.0,
    "3578.0": 3578.0,
    "9550.0": 9550.0,
    "9166.0": 9166.0,
    "2260.0": 2260.0,
    "10275.0": 10275.0,
    "1.0": 1.0,
    "2511.0": 2511.0,
    "1609.0": 1609.0,
    "4025.0": 4025.0,
    "3805.0": 3805.0,
    "32000.0": 32000.0,
    "2867.0": 2867.0,
    "2267.0": 2267.0,
    "646.0": 646.0,
    "908.0": 908.0,
    "194.0": 194.0,
    "1033.0": 1033.0,
    "821.0": 821.0,
    "479.0": 479.0,
    "633.0": 633.0,
    "1353.0": 1353.0,
    "5667.0": 5667.0,
    "790.0": 790.0,
    "867.0": 867.0,
    "306.0": 306.0,
    "717.0": 717.0,
    "2.1": 2.1,
    "1.25": 1.25,
    "1.5": 1.5,
    "0.9": 0.9,
    "6.6": 6.6,
    "17.2": 17.2,
    "113.0": 113.0,
    "216.0": 216.0,
    "0.41": 0.41,
    "32.0": 32.0,
    "1.79": 1.79,
    "52.0": 52.0,
    "1.08": 1.08,
    "270.0": 270.0,
    "220.0": 220.0,
    "170.0": 170.0,
    "990.0": 990.0,
    "920.0": 920.0,
    "1124.0": 1124.0,
    "1154.0": 1154.0,
    "1126.0": 1126.0,
    "1256.0": 1256.0,
    "1156.0": 1156.0,
    "1230.0": 1230.0,
    "1587.0": 1587.0,
    "1583.0": 1583.0,
    "810.0": 810.0,
    "1210.0": 1210.0,
    "210.0": 210.0,
    "510.0": 510.0,
    "5030.0": 5030.0,
    "725.0": 725.0,
    "475.0": 475.0,
    "580.0": 580.0,
    "100.0": 100.0,
    "4283.0": 4283.0,
    "1950.0": 1950.0,
    "5899.0": 5899.0,
    "1886.0": 1886.0,
    "675.0": 675.0,
    "5887.0": 5887.0,
    "3129.0": 3129.0,
    "3880.0": 3880.0,
    "1114.0": 1114.0,
    "1739.0": 1739.0,
    "11200.0": 11200.0,
    "6020.0": 6020.0,
    "2810.0": 2810.0,
    "4210.0": 4210.0,
    "2210.0": 2210.0,
    "4010.0": 4010.0,
    "5020.0": 5020.0,
    "2010.0": 2010.0,
    "1020.0": 1020.0,
    "710.0": 710.0,
    "740.0": 740.0,
    "3494.0": 3494.0,
    "1546.0": 1546.0,
    "1205.0": 1205.0,
    "3525.0": 3525.0,
    "3845.0": 3845.0,
    "1616.0": 1616.0,
    "1610.0": 1610.0,
    "3513.0": 3513.0,
    "1592.0": 1592.0,
    "1225.0": 1225.0,
    "3476.0": 3476.0,
    "3640.0": 3640.0,
    "4771.0": 4771.0,
    "3551.0": 3551.0,
    "1135.0": 1135.0,
    "3611.0": 3611.0,
    "4880.0": 4880.0,
    "3788.0": 3788.0,
    "1236.0": 1236.0,
    "3634.0": 3634.0,
    "4925.0": 4925.0,
    "3798.0": 3798.0,
    "3671.0": 3671.0,
    "1184.0": 1184.0,
    "4805.0": 4805.0,
    "3528.0": 3528.0,
    "1110.0": 1110.0,
    "3785.0": 3785.0,
    "1685.0": 1685.0,
    "3630.0": 3630.0,
    "1680.0": 1680.0,
    "3559.0": 3559.0,
    "1145.0": 1145.0,
    "1630.0": 1630.0,
    "3670.0": 3670.0,
    "3548.0": 3548.0,
    "3576.0": 3576.0,
    "7830.0": 7830.0,
    "1523.0": 1523.0,
    "3538.0": 3538.0,
    "3563.0": 3563.0,
    "1410.0": 1410.0,
    "1180.0": 1180.0,
    "4455.0": 4455.0,
    "10550.0": 10550.0,
    "5711.0": 5711.0,
    "1720.0": 1720.0,
    "4470.0": 4470.0,
    "1930.0": 1930.0,
    "3667.0": 3667.0,
    "11099.0": 11099.0,
    "11140.0": 11140.0,
    "1279.0": 1279.0,
    "1520.0": 1520.0,
    "1656.0": 1656.0,
    "3020.0": 3020.0,
    "1865.0": 1865.0,
    "4030.0": 4030.0,
    "1620.0": 1620.0,
    "4995.0": 4995.0,
    "1395.0": 1395.0,
    "12850.0": 12850.0,
    "6928.0": 6928.0,
    "8700.0": 8700.0,
    "12460.0": 12460.0,
    "6900.0": 6900.0,
    "2760.0": 2760.0,
    "2975.0": 2975.0,
    "5290.0": 5290.0,
    "1264.0": 1264.0,
    "1632.0": 1632.0,
    "1562.0": 1562.0,
    "1248.0": 1248.0,
    "3376.0": 3376.0,
    "4489.0": 4489.0,
    "4278.0": 4278.0,
    "1195.0": 1195.0,
    "5119.0": 5119.0,
    "4199.0": 4199.0,
    "5761.0": 5761.0,
    "2712.0": 2712.0,
    "8249.0": 8249.0,
    "1296.0": 1296.0,
    "4885.0": 4885.0,
    "4289.0": 4289.0,
    "5378.0": 5378.0,
    "1266.0": 1266.0,
    "1222.0": 1222.0,
    "1343.0": 1343.0,
    "1701.0": 1701.0,
    "1703.0": 1703.0,
    "2179.0": 2179.0,
    "1468.0": 1468.0,
    "1466.0": 1466.0,
    "5029.0": 5029.0,
    "4969.0": 4969.0,
    "5663.0": 5663.0,
    "8373.0": 8373.0,
    "1404.0": 1404.0,
    "4973.0": 4973.0,
    "4504.0": 4504.0,
    "1503.0": 1503.0,
    "1389.0": 1389.0,
    "2294.0": 2294.0,
    "1257.0": 1257.0,
    "4889.0": 4889.0,
    "4529.0": 4529.0,
    "1387.0": 1387.0,
    "7983.0": 7983.0,
    "1252.0": 1252.0,
    "1104.0": 1104.0,
    "3746.0": 3746.0,
    "180.0": 180.0,
    "571.0": 571.0,
    "2286.0": 2286.0,
    "1667.0": 1667.0,
    "640.0": 640.0,
    "3851.0": 3851.0,
    "3692.0": 3692.0,
    "1253.0": 1253.0,
    "1201.0": 1201.0,
    "3586.0": 3586.0,
    "3721.0": 3721.0,
    "3755.0": 3755.0,
    "1243.0": 1243.0,
    "1420.0": 1420.0,
    "1470.0": 1470.0,
    "4020.0": 4020.0,
    "440.0": 440.0,
    "3905.0": 3905.0,
    "3846.0": 3846.0,
    "1361.0": 1361.0,
    "3878.0": 3878.0,
    "1312.0": 1312.0,
    "1763.0": 1763.0,
    "1822.0": 1822.0,
    "8290.0": 8290.0,
    "3849.0": 3849.0,
    "1351.0": 1351.0,
    "1217.0": 1217.0,
    "4325.0": 4325.0,
    "1221.0": 1221.0,
    "4320.0": 4320.0,
    "2293.0": 2293.0,
    "4219.0": 4219.0,
    "4321.0": 4321.0,
    "3233.0": 3233.0,
    "1329.0": 1329.0,
    "1456.0": 1456.0,
    "1879.0": 1879.0,
    "1510.0": 1510.0,
    "1580.0": 1580.0,
    "3050.0": 3050.0,
    "1182.0": 1182.0,
    "4425.0": 4425.0,
    "1187.0": 1187.0,
    "1780.0": 1780.0,
    "540.0": 540.0,
    "2530.0": 2530.0,
    "930.0": 930.0,
    "2520.0": 2520.0,
    "5950.0": 5950.0,
    "1070.0": 1070.0,
    "5180.0": 5180.0,
    "4680.0": 4680.0,
    "1960.0": 1960.0,
    "4120.0": 4120.0,
    "1270.0": 1270.0,
    "5650.0": 5650.0,
    "3980.0": 3980.0,
    "910.0": 910.0,
    "840.0": 840.0,
    "870.0": 870.0,
    "2830.0": 2830.0,
    "1920.0": 1920.0,
    "760.0": 760.0,
    "2440.0": 2440.0,
    "2820.0": 2820.0,
    "1060.0": 1060.0,
    "1260.0": 1260.0,
    "1540.0": 1540.0,
    "1830.0": 1830.0,
    "5930.0": 5930.0,
    "1090.0": 1090.0,
    "2430.0": 2430.0,
    "6850.0": 6850.0,
    "2220.0": 2220.0,
    "1360.0": 1360.0,
    "8200.0": 8200.0,
    "380.0": 380.0,
    "1730.0": 1730.0,
    "1975.0": 1975.0,
    "5725.0": 5725.0,
    "5325.0": 5325.0,
    "6025.0": 6025.0,
    "5825.0": 5825.0,
    "825.0": 825.0,
    "1255.0": 1255.0,
    "960.0": 960.0,
    "1660.0": 1660.0,
    "1495.0": 1495.0,
    "4275.0": 4275.0,
    "2960.0": 2960.0,
    "3060.0": 3060.0,
    "2865.0": 2865.0,
    "2625.0": 2625.0,
    "3380.0": 3380.0,
    "8800.0": 8800.0,
    "775.0": 775.0,
    "565.0": 565.0,
    "2665.0": 2665.0,
    "1690.0": 1690.0,
    "5120.0": 5120.0,
    "4910.0": 4910.0,
    "770.0": 770.0,
    "2670.0": 2670.0,
    "3280.0": 3280.0,
    "4270.0": 4270.0,
    "1085.0": 1085.0,
    "4360.0": 4360.0,
    "2860.0": 2860.0,
    "2460.0": 2460.0,
    "2880.0": 2880.0,
    "2420.0": 2420.0,
    "3230.0": 3230.0,
    "795.0": 795.0,
    "2770.0": 2770.0,
    "9825.0": 9825.0,
    "1440.0": 1440.0,
    "890.0": 890.0,
    "880.0": 880.0,
    "6265.0": 6265.0,
    "1185.0": 1185.0,
    "1645.0": 1645.0,
    "2025.0": 2025.0,
    "6570.0": 6570.0,
    "1840.0": 1840.0,
    "945.0": 945.0,
    "785.0": 785.0,
    "2075.0": 2075.0,
    "6125.0": 6125.0,
    "2465.0": 2465.0,
    "2890.0": 2890.0,
    "4950.0": 4950.0,
    "570.0": 570.0,
    "5720.0": 5720.0,
    "5620.0": 5620.0,
    "860.0": 860.0,
    "2435.0": 2435.0,
    "2845.0": 2845.0,
    "1220.0": 1220.0,
    "2240.0": 2240.0,
    "830.0": 830.0,
    "1890.0": 1890.0,
    "2990.0": 2990.0,
    "3190.0": 3190.0,
    "3010.0": 3010.0,
    "720.0": 720.0,
    "260.0": 260.0,
    "575.0": 575.0,
    "470.0": 470.0,
    "175.0": 175.0,
    "6340.0": 6340.0,
    "8150.0": 8150.0,
    "1910.0": 1910.0,
    "1490.0": 1490.0,
    "340.0": 340.0,
    "290.0": 290.0,
    "405.0": 405.0,
    "140.0": 140.0,
    "430.0": 430.0,
    "5970.0": 5970.0,
    "6285.0": 6285.0,
    "635.0": 635.0,
    "735.0": 735.0,
    "730.0": 730.0,
    "1980.0": 1980.0,
    "670.0": 670.0,
    "3045.0": 3045.0,
    "935.0": 935.0,
    "5050.0": 5050.0,
    "820.0": 820.0,
    "3040.0": 3040.0,
    "1095.0": 1095.0,
    "1295.0": 1295.0,
    "1480.0": 1480.0,
    "4730.0": 4730.0,
    "8525.0": 8525.0,
    "2925.0": 2925.0,
    "2385.0": 2385.0,
    "1635.0": 1635.0,
    "5420.0": 5420.0,
    "3220.0": 3220.0,
    "2780.0": 2780.0,
    "4525.0": 4525.0,
    "3080.0": 3080.0,
    "8850.0": 8850.0,
    "5790.0": 5790.0,
    "5860.0": 5860.0,
    "2060.0": 2060.0,
    "8060.0": 8060.0,
    "9240.0": 9240.0,
    "1545.0": 1545.0,
    "2740.0": 2740.0,
    "5510.0": 5510.0,
    "2930.0": 2930.0,
    "1770.0": 1770.0,
    "1235.0": 1235.0,
    "2610.0": 2610.0,
    "1642.0": 1642.0,
    "6350.0": 6350.0,
    "1670.0": 1670.0,
    "8450.0": 8450.0,
    "3270.0": 3270.0,
    "4420.0": 4420.0,
    "1265.0": 1265.0,
    "2115.0": 2115.0,
    "885.0": 885.0,
    "2280.0": 2280.0,
    "3590.0": 3590.0,
    "8160.0": 8160.0,
    "370.0": 370.0,
    "7070.0": 7070.0,
    "360.0": 360.0,
    "815.0": 815.0,
    "1232.0": 1232.0,
    "805.0": 805.0,
    "6160.0": 6160.0,
    "5165.0": 5165.0,
    "895.0": 895.0,
    "2945.0": 2945.0,
    "4815.0": 4815.0,
    "5220.0": 5220.0,
    "9850.0": 9850.0,
    "3025.0": 3025.0,
    "3115.0": 3115.0,
    "915.0": 915.0,
    "1240.0": 1240.0,
    "7350.0": 7350.0,
    "5940.0": 5940.0,
    "7230.0": 7230.0,
    "3140.0": 3140.0,
    "1505.0": 1505.0,
    "2180.0": 2180.0,
    "940.0": 940.0,
    "3255.0": 3255.0,
    "455.0": 455.0,
    "3312.0": 3312.0,
    "5835.0": 5835.0,
    "3770.0": 3770.0,
    "1170.0": 1170.0,
    "3030.0": 3030.0,
    "6040.0": 6040.0,
    "3120.0": 3120.0,
    "3560.0": 3560.0,
    "9740.0": 9740.0,
    "7120.0": 7120.0,
    "3460.0": 3460.0,
    "5040.0": 5040.0,
    "6130.0": 6130.0,
    "3512.0": 3512.0,
    "8050.0": 8050.0,
    "4625.0": 4625.0,
    "5625.0": 5625.0,
    "5025.0": 5025.0,
    "2310.0": 2310.0,
    "8675.0": 8675.0,
    "845.0": 845.0,
    "2370.0": 2370.0,
    "465.0": 465.0,
    "4825.0": 4825.0,
    "6450.0": 6450.0,
    "3240.0": 3240.0,
    "4180.0": 4180.0,
    "1435.0": 1435.0,
    "6795.0": 6795.0,
    "1990.0": 1990.0,
    "9495.0": 9495.0,
    "3320.0": 3320.0,
    "2470.0": 2470.0,
    "3110.0": 3110.0,
    "1736.0": 1736.0,
    "5360.0": 5360.0,
    "3990.0": 3990.0,
    "6225.0": 6225.0,
    "3790.0": 3790.0,
    "7700.0": 7700.0,
    "2135.0": 2135.0,
    "835.0": 835.0,
    "3160.0": 3160.0,
    "2020.0": 2020.0,
    "5850.0": 5850.0,
    "2615.0": 2615.0,
    "5635.0": 5635.0,
    "6010.0": 6010.0,
    "3135.0": 3135.0,
    "2510.0": 2510.0,
    "615.0": 615.0,
    "6260.0": 6260.0,
    "4760.0": 4760.0,
    "4255.0": 4255.0,
    "2040.0": 2040.0,
    "1035.0": 1035.0,
    "8180.0": 8180.0,
    "1310.0": 1310.0,
    "515.0": 515.0,
    "7180.0": 7180.0,
    "5960.0": 5960.0,
    "4670.0": 4670.0,
    "4160.0": 4160.0,
    "9670.0": 9670.0,
    "2160.0": 2160.0,
    "5540.0": 5540.0,
    "555.0": 555.0,
    "2215.0": 2215.0,
    "2245.0": 2245.0,
    "385.0": 385.0,
    "6280.0": 6280.0,
    "865.0": 865.0,
    "2730.0": 2730.0,
    "1015.0": 1015.0,
    "590.0": 590.0,
    "2995.0": 2995.0,
    "3095.0": 3095.0,
    "4015.0": 4015.0,
    "8210.0": 8210.0,
    "2340.0": 2340.0,
    "2480.0": 2480.0,
    "2680.0": 2680.0,
    "2475.0": 2475.0,
    "8325.0": 8325.0,
    "2940.0": 2940.0,
    "9640.0": 9640.0,
    "4725.0": 4725.0,
    "4620.0": 4620.0,
    "3385.0": 3385.0,
    "8310.0": 8310.0,
    "4225.0": 4225.0,
    "485.0": 485.0,
    "495.0": 495.0,
    "305.0": 305.0,
    "416.0": 416.0,
    "728.0": 728.0,
    "271.0": 271.0,
    "6270.0": 6270.0,
    "6190.0": 6190.0,
    "6110.0": 6110.0,
    "2275.0": 2275.0,
    "6120.0": 6120.0,
    "8190.0": 8190.0,
    "1330.0": 1330.0,
    "2660.0": 2660.0,
    "230.0": 230.0,
    "255.0": 255.0,
    "1465.0": 1465.0,
    "490.0": 490.0,
    "535.0": 535.0,
    "1617.5": 1617.5,
    "6075.0": 6075.0,
    "4855.0": 4855.0,
    "2090.0": 2090.0,
    "2055.0": 2055.0,
    "1745.0": 1745.0,
    "3075.0": 3075.0,
    "3015.0": 3015.0,
    "295.0": 295.0,
    "5610.0": 5610.0,
    "1355.0": 1355.0,
    "2325.0": 2325.0,
    "1985.0": 1985.0,
    "3740.0": 3740.0,
    "2815.0": 2815.0,
    "6380.0": 6380.0,
    "5060.0": 5060.0,
    "7450.0": 7450.0,
    "2920.0": 2920.0,
    "2870.0": 2870.0,
    "6180.0": 6180.0,
    "6080.0": 6080.0,
    "5085.0": 5085.0,
    "5690.0": 5690.0,
    "4970.0": 4970.0,
    "310.0": 310.0,
    "9250.0": 9250.0,
    "1686.0": 1686.0,
    "1722.0": 1722.0,
    "1940.0": 1940.0
  }
}